country,founded,id,industry,linkedin_url,locality,name,region,size,website
united kingdom,2016,ZNezhAAAkQCkubjKMcMi2wNFuDzS,marketing and advertising,linkedin.com/company/inkandescentservices,london,inkandescent services,england,1-10,
united kingdom,2013,gCbeP7cBFozoE5oTjq0sywzIw1nV,marketing and advertising,linkedin.com/company/bequality-ltd,norwich,bequality ltd,england,1-10,bequality.co.uk
united kingdom,2021,PKGUKZPxeSNhbNeDqUwOCQmA6IVo,marketing and advertising,linkedin.com/company/craft-marketing-ltd,london,craft marketing ltd,england,1-10,
united kingdom,2012,VsZCXBBeau8YkZc8FtAdOAr4W4O1,marketing and advertising,linkedin.com/company/travel-brand-partners-llp,bushey,travel brand partners llp,england,1-10,travelbrandpartners.co.uk
united kingdom,,ZllN1IKR63AOBBB1La6XKwJLYYx4,marketing and advertising,linkedin.com/company/tng-client-solutions,manchester,tng client solutions,england,11-50,
united kingdom,2009,G0ZQBYZsVgsuC4nZJEhCAQKvBf9g,marketing and advertising,linkedin.com/company/stripe-media,london,stripe media,england,1-10,stripemedia.co.uk
united kingdom,2016,7bA2lDJUgtHw8RfsgHudoAPL0buq,marketing and advertising,linkedin.com/company/marketingforhospitality,london,marketing for hospitality,england,1-10,marketingforhospitality.co.uk
united kingdom,,DB1OQWmBX6WkfhAZrWs7hgB0BYAJ,marketing and advertising,linkedin.com/company/bty-sales-and-marketing,leeds,bty sales and marketing,england,11-50,
united kingdom,,4Yo6saxUCWgYQBhSCpMmSwE4WVFQ,marketing and advertising,linkedin.com/company/purple-circle-marketing,merthyr tudful,purple circle marketing,wales,1-10,purplecirclemarketing.wordpress.com
united kingdom,2019,M36qgjTNtS78mBjmT77sBQ9M9Pmw,marketing and advertising,linkedin.com/company/mango-rankings,london,mango rankings,england,11-50,mangorankings.com
united kingdom,2019,AVAYBu7cyzuaPeIQz9NnOAQpFOhF,marketing and advertising,linkedin.com/company/fusionagency,london,fusion agency,england,11-50,lhdigitalmarketing.agency
united kingdom,2015,jbBxOZdcZn2WqfXzgWw6WgodCzFE,marketing and advertising,linkedin.com/company/london-fashion-today,london,london fashion today,england,1-10,londonfashiontoday.co.uk
united kingdom,2023,11KT8ndVBRtkFl2Q3C3P7wFI9iD1,marketing and advertising,linkedin.com/company/coffs-solutions-ltd,london,pinwheel digital ltd,england,1-10,pinwheeldigital.co.uk
united kingdom,2009,VVdttm4EmU19CltSvXeI0w2YCOuU,marketing and advertising,linkedin.com/company/digicom360,reading,ordersense,england,1-10,ordersense.co.uk
united kingdom,1998,caCuC7SFhYEyJAq11T1J9wuTzKGT,marketing and advertising,linkedin.com/company/direct-experience-ltd,stroud,direct experience ltd,england,1-10,direct-experience.com
united kingdom,,a3jsSQ7IW3MnZzNBIDUhJgQ5YQy7,marketing and advertising,linkedin.com/company/mailing-lists-uk,london,mailing lists uk,england,1-10,mailinglistsuk.com
united kingdom,1997,fC9KE2TgC2B635JCsiGwMALT3LOL,marketing and advertising,linkedin.com/company/thewhyagency,marlow bottom,the why agency,england,1-10,thewhy.agency
united kingdom,2014,vVyQr1ZiAx47t8XKtR2XEwQ51qWw,marketing and advertising,linkedin.com/company/online-intelligence-limited,middlesbrough,online intelligence limited,england,1-10,online-intelligence.co.uk
united kingdom,,2aCzb9XURqKDL5COcmvw6gwWID35,marketing and advertising,linkedin.com/company/adnave-ltd,manchester,adnave ltd,england,1-10,
united kingdom,2007,F1B7CJ48jWbFG6zSwPpp9AGCKcGD,marketing and advertising,linkedin.com/company/the-digital-consortium-limited,halifax,the digital consortium limited,england,1-10,digitalconsortium.co.uk
united kingdom,2023,ZiLstUotHhCdYBqLZQkBBg6RcQfy,marketing and advertising,linkedin.com/company/aangelagency,manchester,angel agency,england,1-10,
united kingdom,2021,c2EpgFuIEcyncGHbTr4zrwoe7fg8,marketing and advertising,linkedin.com/company/builtforyou-digital,london,builtforyou digital,england,1-10,
united kingdom,2019,Bd8tHJ89mio7gsLcX5Hp7A3hK8VA,marketing and advertising,linkedin.com/company/sam-dixon,exeter,sam dixon,england,1-10,samdixonwriting.com
united kingdom,,ZrB8ME2AcfkRJ962mBC3igultbvy,marketing and advertising,linkedin.com/company/creatorinfluencersltd,leeds,creator influencers ltd,england,1-10,calendly.com/engulzmedia/30min
united kingdom,,sZePSUwiKsM8aC9Cm7pBGQZhZ7y7,marketing and advertising,linkedin.com/company/redbreast-creative-ltd.,belfast,redbreast creative ltd.,northern ireland,1-10,
united kingdom,2020,64FSkssWNOuYb9TRT3KkuwtJZ4CD,marketing and advertising,linkedin.com/company/loved-brands-by-mar,london,loved brands,england,1-10,lovedbrands.co.uk
united kingdom,2020,BJgZzaHPqXCbPj6NtPBi7gHpb7x0,marketing and advertising,linkedin.com/company/socialadvantage,loughton,social advantage,england,1-10,socialadvantage.co.uk
united kingdom,2023,UzotRrvOUYSgY8ZLpfmtKQejkCaZ,marketing and advertising,linkedin.com/company/atom-promos,brentwood,atom promos,england,1-10,calendly.com/atompromos/marketing
united kingdom,,JOG6oskxsxBzd2M1t3CZFgjIiIp9,marketing and advertising,linkedin.com/company/macnaughton-limited,luton,macnaughton limited,england,1-10,
united kingdom,2011,MBUfkCBNqsDgECGXCxLaQQcVBOtU,marketing and advertising,linkedin.com/company/the-bkr-group,east cowton,studiohub,england,1-10,wearebkr.co.uk
united kingdom,,FfqAeZvLZeOuEC0Fkrurmw6cDp5d,marketing and advertising,linkedin.com/company/obala-uk,london,obala,england,1-10,obala.uk
united kingdom,,OFC3iPq907TnsxCKHhJY0wfgeswE,marketing and advertising,linkedin.com/company/the-corner-chop,taunton,the corner chop,england,1-10,
united kingdom,2013,RZqJhDB1f6VsDVbW7I0Gbgd9U0uU,marketing and advertising,linkedin.com/company/frix-media-,derby,kaput marketing agency,england,1-10,frixmedia.co.uk
united kingdom,2022,A3ne7a1RHMCIJ2lLfjL7dgrgFwTZ,marketing and advertising,linkedin.com/company/doxiedigital,london,doxie digital,england,1-10,doxiedigital.com
united kingdom,,cCCVXNTg8xSBt2GpVJhcDwVKmOM6,marketing and advertising,linkedin.com/company/nexusengage-agency,manchester,nexusengage agency,england,1-10,nexusengage.agency
united kingdom,2014,IQPXVEDUZGm62tU2BcICFwIbBh6U,marketing and advertising,linkedin.com/company/londonsocialstrategy,london,london social strategy,england,1-10,londonsocialstrategy.com
united kingdom,,f43Xjn9KZJoJB1gmrv8DlwbFiNb5,marketing and advertising,linkedin.com/company/90-ltd,leeds,90 ltd,england,1-10,908ltd.co.uk
united kingdom,1965,LU3ua7CodyB7CCOedlqlmgib8uM4,marketing and advertising,linkedin.com/company/ippag-global-promotions,london,ippag global promotions is now prominate!,england,1001-5000,ippag.com
united kingdom,,vdBz2ntR8uGW6Vm6IV4OvgT2B0GQ,marketing and advertising,linkedin.com/company/foob-limited,alderley edge,foob limited,england,1-10,
united kingdom,2020,DkLK3O1GXXua3Ole1rBc4QAtW8Vh,marketing and advertising,linkedin.com/company/platinumlive,whitehaven,platinum live,england,1-10,platinum-live.co.uk
united kingdom,2020,cse9w91CHYy3NnyfqgqqEwZLEfcH,marketing and advertising,linkedin.com/company/north-wales-social,mold,north wales social,wales,1-10,northwalessocial.co.uk
united kingdom,2019,VGGBrebnvEEnGkyTaiBBiAitF3td,marketing and advertising,linkedin.com/company/youcard,leeds,youcard,england,1-10,youcard.co.uk
united kingdom,2023,D6kfGTbR9T2gcvNjvYj39Q9m8UFd,marketing and advertising,linkedin.com/company/pink-panda-productions,kent,pink panda productions,england,1-10,pinkpanda.london
united kingdom,2012,TSizDBPn0CMZFi6M4lH9dANOicCI,marketing and advertising,linkedin.com/company/adbrain,london,adbrain,england,11-50,adbrain.com
united kingdom,,62zXdDEmii8WnVCv5pqBxQWctwUT,marketing and advertising,linkedin.com/company/j-p-baldwin-associates-ltd,newton abbot,j p baldwin associates ltd,england,1-10,
united kingdom,,rnDdozOjl4IhOlAkTElQBAFwnzbY,marketing and advertising,linkedin.com/company/futurimpose,london,futurimpose,england,1-10,futurimpose.global
united kingdom,,eIEqwsNikcG2d4qYtSJJWQP9WuCd,marketing and advertising,linkedin.com/company/ray-ray-media-limited,london,ray ray media limited,england,1-10,
united kingdom,1981,Z99cX2jVu3nfrQoB5xj8owODbWaX,marketing and advertising,linkedin.com/company/incontrast,gillingham,incontrast,england,51-200,incontrast.co.uk
united kingdom,1997,7LNh0X69rBmgTBr5ls4OTASsrW65,marketing and advertising,linkedin.com/company/displays4media,northampton,displays4media,england,11-50,displays4media.co.uk
united kingdom,2009,m9aCFHKPBCLkC0M7SK86BA215ytI,marketing and advertising,linkedin.com/company/curoppc,london,curo,england,1-10,curomarketing.com
united kingdom,,SzUKzETpLYAOcsj9QbMPCQaw8kEU,marketing and advertising,linkedin.com/company/walkitcornwall,penryn,walkitcornwall,england,1-10,walkitcornwall.co.uk
united kingdom,2013,CD1z2FjvtJ9sr6lonfrCWQF8fJIe,marketing and advertising,linkedin.com/company/digitator,london,digitator,england,1-10,digitator.com
united kingdom,1968,v4WbbiH1Zt1q7guXPBv4FQBkYb8d,marketing and advertising,linkedin.com/company/research-and-marketing-group,london,research and marketing group,england,51-200,
united kingdom,,zyrlmgYglqdYz9xU438jzge0sNmB,marketing and advertising,linkedin.com/company/socials-by-neha,coventry,socials by neha,england,1-10,instagram.com/socials.by.neha
united kingdom,2018,1ZrIAASrg9duafMOUaDmKglV66EL,marketing and advertising,linkedin.com/company/digital-geek-uk,manchester,digital geek,england,1-10,digitalgeek.co
united kingdom,2020,5BVbSR8OjPYygRyvaidZqQw3rwP7,marketing and advertising,linkedin.com/company/bener-media,london,bener media,england,1-10,benermedia.com
united kingdom,,CuhfqPTYh90KPUFRfGez4wSQc8I0,marketing and advertising,linkedin.com/company/asentiv-uk,exeter,asentiv uk,england,11-50,
united kingdom,,obQJH9hoSdM7lnI8Iw5BaAKhNOnV,marketing and advertising,linkedin.com/company/gomobilewales,gowerton,gomobilewales,wales,1-10,gomobilewales.com
united kingdom,,6TsnKvvyRIDEI0kC6BJQQQZhZq9X,marketing and advertising,linkedin.com/company/gdp-engineering-limited,wath upon dearne,gdp engineering limited,england,1-10,
united kingdom,2009,F4DyWpO7Pp4OM7gkWHCWrQcal3wm,marketing and advertising,linkedin.com/company/bluemungus,edinburgh,bluemungus,scotland,11-50,bluemungus.com
united kingdom,2016,BOs6yGXOZ7UWQBnCRRq10AE2a2lU,marketing and advertising,linkedin.com/company/the-small-business-project,london,the small business project,england,1-10,smeaccess.com
united kingdom,2000,x6KYoPxkQh1sA0Z2VQfuZABvJ7Gj,marketing and advertising,linkedin.com/company/tag-media-inc-toronto-,london,tag media inc. (toronto),england,1-10,idearevolution.ca
united kingdom,2002,vk69aWJSXeN0xmOuWxwgHQZw0Je2,marketing and advertising,linkedin.com/company/golden-goose---licensing-consultancy,london,golden goose - licensing consultancy,england,1-10,goldengoose.uk.com
united kingdom,,mNz7Xx8nqcxse3gPyTS07QzEVynT,marketing and advertising,linkedin.com/company/scale-it-with-me,manchester,scale it with me,england,1-10,scaleitwithme.com
united kingdom,2018,t0S0rWYeYFhnVewxvSEoawsqx9h0,marketing and advertising,linkedin.com/company/ripple-creative,armagh,ripple creative,northern ireland,1-10,ripplecreative.co.uk
united kingdom,,iDCyZuwDudVwoaBNVBycwAw7RzRX,marketing and advertising,linkedin.com/company/arena-media-services-ltd,hethersett,arena media services ltd,england,1-10,arenamedia.co.uk
united kingdom,,nmOL4KsJ8VagKTxrLXEkPQKFu85g,marketing and advertising,linkedin.com/company/nationwide-media-solutions-ltd,manchester,nationwide media solutions ltd,england,11-50,
united kingdom,2008,q27adF2GtiPPwk8TZbXm3QawwhVZ,marketing and advertising,linkedin.com/company/carrie-ann-sudlow-consultancy-ltd,middlewich,sudlow marketing,england,11-50,carrieannsudlow.co.uk
united kingdom,2000,LiYK2FJc2Akeq38JeKbBJgEOeAeb,marketing and advertising,linkedin.com/company/jpmg-print-&-mail-services-ltd,london,jpmg print & mail services ltd,england,11-50,
united kingdom,,qh59Xv7FvDuCF4rhy4a0qAeEenyR,marketing and advertising,linkedin.com/company/bni-lancashire-&-south-pennines,manchester,bni online (local business networking),england,11-50,
united kingdom,2009,20UDFgGKEgEaBcem8IzD3Ar1OIas,marketing and advertising,linkedin.com/company/jablondon,london,jab london,england,1-10,
united kingdom,2021,4azCdSCwbwgN09LkoB4bCQywPVns,marketing and advertising,linkedin.com/company/nhancedmedia,bradford,'nhanced media,england,1-10,instagram.com/nhanced.media
united kingdom,,xSZEJx7BdxJjHLBKIqq5VQsOT94G,marketing and advertising,linkedin.com/company/ibk-initiatives-ltd,sheffield,ibk initiatives ltd,england,1-10,ibkinitiatives.com
united kingdom,2023,EB2NepzFDPZGo5L6kIhL7gEr20s8,marketing and advertising,linkedin.com/company/partnerswag,london,partner swag,england,11-50,parallelsix.com
united kingdom,2009,EBqQqCwTcrynRxiHgsMUZgLLpNx0,marketing and advertising,linkedin.com/company/fan-club,london,fan club,england,11-50,fanclubgroup.com
united kingdom,,r1MyoKU0LskP65tDOoDULAFyH9QD,marketing and advertising,linkedin.com/company/cymbeline-media-limited,london,cymbeline media limited,england,1-10,
united kingdom,2023,IbqNLRNyz7hBosGZ4r6iWQrrbPYl,marketing and advertising,linkedin.com/company/adworxmedia,london,adworx media,england,1-10,adworxmedia.co.uk
united kingdom,,1ut5rUrdYmmpb4aTeBQEyAHG9T17,marketing and advertising,linkedin.com/company/backlinkagency,craven arms,authority backlinks agency,england,51-200,authoritybacklink.net
united kingdom,2010,GVPK1uB98UNe9PndtG5HGQJdWl4x,marketing and advertising,linkedin.com/company/howl-marketing-consultancy,appley bridge,howl marketing consultancy,england,1-10,howlmarketing.co.uk
united kingdom,,dOKAmm8BumJg9BfBBQ1JtQ4U4VsU,marketing and advertising,linkedin.com/company/circus-promotions-ltd,polebrook,circus promotions ltd,england,1-10,
united kingdom,2020,o1Vr7aLsiv2gar7EzJcCGA8KAB4Z,marketing and advertising,linkedin.com/company/social-bee-media-marketing,essex,social bee media,england,1-10,socialbeemedia.uk
united kingdom,2015,6mInJn9dzyRkQzvAKfoU8gagaXj7,marketing and advertising,linkedin.com/company/trafficthisway,newdigate,traffic this way,england,1-10,trafficthisway.com
united kingdom,2019,1cYqIJ9n1g1bOkoKYP7a8wYsYMpl,marketing and advertising,linkedin.com/company/create-alchemy,london,create alchemy,england,1-10,create-alchemy.com
united kingdom,,RCjV8laUSto2H9GFTobHjgFuN8YC,marketing and advertising,linkedin.com/company/pádraig-mac-anraoi,manchester,pádraig mac anraoi,england,1-10,padraigmacanraoi.com
united kingdom,,1R811ViXfANWxT9mVJLxfAsG3iBh,marketing and advertising,linkedin.com/company/yeah-boi,london,yeah boi!,england,1-10,yeahboi.london
united kingdom,,pveQUjICPANS5kpYCfJfzQ2rClNp,marketing and advertising,linkedin.com/company/solder-creative,norwich,solder creative,england,1-10,soldercreative.co.uk
united kingdom,2019,0tOBEICmlLYs0JOWcI9g1ALrQhzA,marketing and advertising,linkedin.com/company/digbydigital,nottingham,digby digital,england,1-10,digbydigital.co.uk
united kingdom,,Fakmed0Jf9KQLRq9uNx7dQaG2L31,marketing and advertising,linkedin.com/company/goldfish-media-ltd,aberdeen,goldfish media ltd,scotland,11-50,
united kingdom,2023,eqWwT28yFih09yPxZMbsXgMzgO8k,marketing and advertising,linkedin.com/company/spectrum-adstrategix,london,spectrum adstrategix,england,1-10,spectrumadstrategix.com
united kingdom,2015,fNC6qeP7oyLHGBCzugCzUQsHyC7F,marketing and advertising,linkedin.com/company/beep-digital-limited,poole,beep! digital,england,11-50,beep.digital
united kingdom,2023,hHjfujfAJwpR17GBKW5GmAPgLcQj,marketing and advertising,linkedin.com/company/venueliveuk,newcastle,venue live,england,1-10,venuelive.co.uk
united kingdom,2020,JDstC6tfzvdal2HkSvaKUA71Uxlv,marketing and advertising,linkedin.com/company/kelly-fountain-marketing-strategies,london,kelly fountain marketing strategies,england,1-10,kellyfountain.com
united kingdom,2021,QUnpTqZflfsNIVtBYubajw9iJxUM,marketing and advertising,linkedin.com/company/tech-wave-digital,london,tech wave digital,england,1-10,techwavedigital.com
united kingdom,1979,fszM7XxJPhvBWeGwXfsZZgzmbZuy,marketing and advertising,linkedin.com/company/the-is-group-ltd,peterborough,the i.s. group ltd,england,51-200,theisgroup.co.uk
united kingdom,,GNPL8VEin7nxgBFUafABtgFYeJcw,marketing and advertising,linkedin.com/company/socialzesh,norwich,socialzesh,england,1-10,socialzesh.com
united kingdom,,vujBfJgdjrKY6CRzlaVHNQPjZTcX,marketing and advertising,linkedin.com/company/the-inside-write-co.-limited,lancashire,the inside write co. limited,england,1-10,
united kingdom,,QMCR9ToRTiC6FO24S9b8MgDhXTzf,marketing and advertising,linkedin.com/company/word-creation,,word creation,,1-10,wordcreation.net
united kingdom,,gXJHD0BBwCSVQBG5Oj6CHAWZ1p6E,marketing and advertising,linkedin.com/company/internet-marketeer,oakham,internet marketeer,england,1-10,manydifferentsites.com
united kingdom,2015,71TpoCQCiiycOML8y8ip7wk7g1YS,marketing and advertising,linkedin.com/company/greene-digital,glasgow,greene digital,scotland,1-10,greenedigital.com
united kingdom,2020,B0KXg7lcDtjyiQ7bsQuS3QPBgoxs,marketing and advertising,linkedin.com/company/etribal,london,etribal,england,11-50,etribal.com
united kingdom,2016,w6DkcCuk6669EjUWAGCgUAurUUhp,marketing and advertising,linkedin.com/company/mccanndemand,london,mccann demand,england,51-200,mccanndemand.co.uk
united kingdom,2019,Ln7HtUXPD1uJrSyEP0AOxQrJdPc2,marketing and advertising,linkedin.com/company/indigitalmarketing,london,in digital,england,11-50,indigital.marketing
united kingdom,2015,6nmg9FpBOOLmqCQqPMoenQdNLlId,marketing and advertising,linkedin.com/company/orange-and-gray,london,orange & gray,england,11-50,orange-gray.com
united kingdom,2018,D9CeDpYMU3VinHeVHIq4UgyfB8bs,marketing and advertising,linkedin.com/company/onlinepandauk,northampton,onlinepanda,england,1-10,onlinepanda.co.uk
united kingdom,,4ivBzHnnV44rLzylXzOaRAnSuNXL,marketing and advertising,linkedin.com/company/the-word-shepherd-ltd,london,the word shepherd ltd,england,1-10,
united kingdom,,3mKNAe0Xs8e8Ywd0letWDAXzVvTZ,marketing and advertising,linkedin.com/company/four-points-media-limited,sheffield,four points media limited,england,1-10,
united kingdom,2020,N9rFbSdJlfmwMthHZANr7wFWYWmJ,marketing and advertising,linkedin.com/company/empower-digital-commerce,hertfordshire,empower digital commerce,england,1-10,empowercommerce.co.uk
united kingdom,2008,BYEyrCkUQgENxdO4y7wdUwODzK74,marketing and advertising,linkedin.com/company/the-media-ink,london,the media ink,england,1-10,themediaink.co.uk
united kingdom,2009,74cZieTMwxCgwPPSw23QkQUoN66z,marketing and advertising,linkedin.com/company/the-display-store,rotherham,the display store,england,1-10,thedisplaystore.co.uk
united kingdom,,tspqn72u0vLNwF2gFFUL5AaDZnX3,marketing and advertising,linkedin.com/company/davey-and-young,tadworth and epsom downs,davey and young,england,1-10,daveyandyoung.com
united kingdom,2023,bSptGCFajT0LNfPqirE6UwUsKU23,marketing and advertising,linkedin.com/company/netpointdigital,london,startsmart,england,1-10,netpointlondon.com
united kingdom,2005,QmXj6gfAO8ECIDgBjaCL3gSCUZHs,marketing and advertising,linkedin.com/company/pure-visual-communication-limited,leicester,pure visual communication limited,england,1-10,purevc.co.uk
united kingdom,2005,3eL6TYR54ugvdDbf5aZVmgANYFTj,marketing and advertising,linkedin.com/company/strand-marketing-group,london,strand marketing group,england,1-10,strandmarketinggroup.co.uk
united kingdom,,cP5lCXvuxh6LDCOaREwBVwJ8WCi6,marketing and advertising,linkedin.com/company/forge-point,glasgow,forge point,scotland,11-50,
united kingdom,,IWe42rXFg7UoCl4OLQJxDgtDOJoK,marketing and advertising,linkedin.com/company/guildford-signs-limited,guildford,guildford signs limited,england,1-10,guildfordsigns.co.uk
united kingdom,2015,3Q5hQkWHBgBg7HeKo2NVqQwW82MU,marketing and advertising,linkedin.com/company/digital-refresh,oldham,digital refresh ltd,england,1-10,digitalrefresh.uk
united kingdom,,buk1UDoC7FTOwqZM6aVubQcu5Ljv,marketing and advertising,linkedin.com/company/appdigitally,london,appdigitally,england,1-10,appdigitally.com
united kingdom,2011,nCLV0dx6IxCzfBIgVeYzZQPfsfbn,marketing and advertising,linkedin.com/company/beyond-everything-ltd,london,beyond everything ltd,england,11-50,beyondeverything.co.uk
united kingdom,,OfNfbWAvuYBcajmf8CiYHQtBvy4s,marketing and advertising,linkedin.com/company/cogio-ltd,bradford,cogio ltd,england,1-10,cogio.co.uk
united kingdom,,7l1hefD7t7X4AseXSXz0hA5oXqM1,marketing and advertising,linkedin.com/company/the-beautiful-mind-consultancy-limited,maidenhead,the beautiful mind consultancy limited,england,11-50,
united kingdom,,AxcQbTfIcBgqW6cHPaCgBAzyQLBP,marketing and advertising,linkedin.com/company/future-media-services-uk-limited,london,future media services (uk) limited,england,1-10,fmstv.com
united kingdom,,Y14fwCmSmtYalTAAIoOjCwYFlKOo,marketing and advertising,linkedin.com/company/bay-blinds-ltd,petersfield,bay blinds ltd,england,1-10,bayblinds.co.uk
united kingdom,2014,YiDfhZ2s4YrxBY2K14aLGwOSodcq,marketing and advertising,linkedin.com/company/yourparkingspace-ltd,london,yourparkingspace,england,51-200,yourparkingspace.co.uk
united kingdom,1986,NCtx0tsY4jVNrsduHh9SPwAp3bo5,marketing and advertising,linkedin.com/company/waa-chosen,london,waa chosen,england,51-200,waachosen.co.uk
united kingdom,2019,VYW3ggcQXWKgQsmTbzaVqgQCSexe,marketing and advertising,linkedin.com/company/wedoyourmarketing,bradley stoke,we do your marketing limited,england,1-10,
united kingdom,2007,3fsLOUuaJiWiWfIdWrwTmgCOfC5V,marketing and advertising,linkedin.com/company/market---motivate,watford,market & motivate limited,england,1-10,marketandmotivate.com
united kingdom,,wdn5YUgLOeQlGVm4F0jR0w0dnnYQ,marketing and advertising,linkedin.com/company/chris-cardell-media,london,cardell media,england,11-50,cardellmedia.com
united kingdom,1974,v49OE16YaeNnmvzOVIizrASukqcu,marketing and advertising,linkedin.com/company/three's-company-communications-ltd,birmingham,three's company communications ltd,england,1-10,threes.co.uk
united kingdom,,3ReCb8Y8BplxkoHnFL7C4AlwwU2y,marketing and advertising,linkedin.com/company/one-agency_2,london,one agency,england,11-50,oneagency.com
united kingdom,,trMw63oZiMGmpk3vRb3mFAA9ScEj,marketing and advertising,linkedin.com/company/the-story-edge-limited,dundee,the story edge limited,scotland,1-10,
united kingdom,2022,9F0ztfLmxXBwPuqQ8Au9CgZvs8HR,marketing and advertising,linkedin.com/company/the-pursuit-agency,swindon,the pursuit agency,england,1-10,thepursuitagency.com
united kingdom,2010,PdpWsckkkWwLhgw5bLdCcwTuw1n3,marketing and advertising,linkedin.com/company/mishop-local-ltd,brighton,mishop.local ltd,england,11-50,mishoplocal.co.uk
united kingdom,,i1TlKuCavKo1jVxovcDz2QTtbIXg,marketing and advertising,linkedin.com/company/haartyhanks,london,haarty hanks,england,11-50,haartyhanks.com
united kingdom,,SwiwgzWkNChC6aYvwXXjog6iF91l,marketing and advertising,linkedin.com/company/free-lance-consultant_2,london,xml developer,england,1001-5000,psychicplaza.com
united kingdom,,kC5B00Cl4l0fYm89fEwwRQOpdB7J,marketing and advertising,linkedin.com/company/black-daffodil,greater london,black daffodil,england,1-10,blackdaffodil.co.za
united kingdom,2018,rtCK4VOIZz1MSAOEbFggEg1Ta2ec,marketing and advertising,linkedin.com/company/massiverocket,london,massive rocket | global braze & snowflake agency,england,51-200,massiverocket.com
united kingdom,2008,KuZ9AYbL8VWVliBcXDAN4QcVLwaI,marketing and advertising,linkedin.com/company/cookies-&-java,perton,cookies & java,england,1-10,cookiesandjava.com
united kingdom,,YFBM5wS5bLnOO9tvFLu0kgch3SAt,marketing and advertising,linkedin.com/company/bridge-club-limited,sunderland,bridge club limited,england,11-50,
united kingdom,,d9x2mxilHmtBOqvb643kegdYeddl,marketing and advertising,linkedin.com/company/click-start-marketing,salisbury,click start marketing,england,1-10,clickstartmarketing.org
united kingdom,2017,EnDAvW6ww7JT6Q3bda8jBQB5A5Wz,marketing and advertising,linkedin.com/company/collective-inspiration,nottingham,collective inspiration,england,1-10,collective-inspiration.com
united kingdom,2017,uDbOCjhYS9lAvKDkMcQSBgAzqJoY,marketing and advertising,linkedin.com/company/creative-curve-marketing,norwich,creative curve marketing,england,1-10,creative-curve.co.uk
united kingdom,2022,OBY6dMLwTmoPuDlRkYWyBgytveog,marketing and advertising,linkedin.com/company/proof3,stafford,proof3,england,11-50,proof3.co
united kingdom,,nt0XZqRkc6eCpCgjC1FwjQMjTQR0,marketing and advertising,linkedin.com/company/compact-news-ltd-,london,compact news ltd.,england,1-10,compactnews.com
united kingdom,2017,TpNL1KQIgkLUJXXsYCekwQQq1Kld,marketing and advertising,linkedin.com/company/blooming-marketing-cumbria,workington,blooming marketing,england,1-10,blooming-marketing.co.uk
united kingdom,,02Ap3CYwLSBCwSSRjMTWlQwfazI0,marketing and advertising,linkedin.com/company/immense-digital-ltd,macclesfield,immense digital ltd,england,1-10,immensedigital.co.uk
united kingdom,2018,NBkrW1pu37rlzO3DHCI7fwdaTcKq,marketing and advertising,linkedin.com/company/dbkworld,london,dbk,england,1-10,dbk.world
united kingdom,,uCJMJX0H3a9Z2ub74X6gog8bF0tZ,marketing and advertising,linkedin.com/company/socialsbee,london,bee social,england,11-50,beesocial.io
united kingdom,1997,ufDV8gSTc8q0d1UXb2YUggkmcmu5,marketing and advertising,linkedin.com/company/iab-uk,london,iab uk,england,11-50,iabuk.com
united kingdom,2006,YUeE8CyEBdDOeAth5pCeeQhVdE7H,marketing and advertising,linkedin.com/company/rmm,london,rmm,england,11-50,rmmlondon.com
united kingdom,2014,2ARP7gczNGFpqkLQDVf9RQYSCgBq,marketing and advertising,linkedin.com/company/gronroos-mediatv,london,gronroos mediatv,england,11-50,gronroosmedia.com
united kingdom,2022,8NkrjWY1wNzOqPoMmwICuw3cL59Y,marketing and advertising,linkedin.com/company/quite-the-marketers,,qtm,,1-10,quitethemarketer.com
united kingdom,2000,j4cAL834ysphmFLcCS7O4wsTVv5x,marketing and advertising,linkedin.com/company/mc-co,fyfield,mc+co - strategic marketing communications that sell,england,11-50,mc-co.co.uk
united kingdom,,KFKKGov2GKi9SGMu6d2NFgothCZ8,marketing and advertising,linkedin.com/company/out-of-line-media,london,out of line media,england,1-10,
united kingdom,2014,PFCN6CjpCupv1g6pHeVfkQpGKlOy,marketing and advertising,linkedin.com/company/big-outreach,london,big outreach,england,11-50,
united kingdom,2009,wYCXrgMMqYjkCO0CARDE5AQHghw7,marketing and advertising,linkedin.com/company/arena-trade-group,king’s lynn,arena trade group,england,11-50,arenatradegroup.com
united kingdom,2018,JYunQcnqiOfWLF7PtitwdAwynOOf,marketing and advertising,linkedin.com/company/benn-walford-consultancy,burton upon trent,benn walford coaching,england,1-10,bennwalford.com
united kingdom,2023,xGBXKkXQahWCE8opEVY4mActMX4d,marketing and advertising,linkedin.com/company/thurley-digital,,thurley digital,,1-10,fiverr.com/mthurley
united kingdom,2022,UoXDZ7d6nBxmPkxWqxgJtw8LEuOr,marketing and advertising,linkedin.com/company/passio-media-exeter,exeter,passio media exeter,england,1-10,
united kingdom,2010,Rp7sxXpq5XPxSt8tdnF9cAB76a7r,marketing and advertising,linkedin.com/company/mediameta,london,mediameta,england,1-10,mediameta.co.uk
united kingdom,2010,gxIQuYGfIhnTSQ1ShDshXQUCOQ3L,marketing and advertising,linkedin.com/company/amelia-champion-online-marketing-service,london,"amelia champion copywriting - case studies, web copy and linkedin profiles and company pages",england,1-10,ameliachampion.com
united kingdom,2023,yR4LRyyxfaiChxeJVK4Jnwt9fFCv,marketing and advertising,linkedin.com/company/fmotionltd,london,fmotion,england,1-10,fmotion.co.uk
united kingdom,2012,1uive3Sid1bbTdMMSFskAAwQTu6I,marketing and advertising,linkedin.com/company/the-social-media-consultancy-limited,durham,the social media consultancy limited,england,1-10,thesocialmediaconsultancyltd.co.uk
united kingdom,2007,Ok2RbauUjfvUUTvnwvqhLQ2QUdVf,marketing and advertising,linkedin.com/company/yourdnata,crowborough,yourdnata limited,england,1-10,yourdnata.com
united kingdom,2014,1Y2uaq0jw50tZkMoUehguQ5Gfhnc,marketing and advertising,linkedin.com/company/juniper-marketing-&-communications,london,juniper marketing & communications,england,1-10,junipercommunications.co.uk
united kingdom,,q7IjkrJmOp8fsdxZXacEfABjN1gg,marketing and advertising,linkedin.com/company/mundocom-uk,london,prodigious uk,england,51-200,
united kingdom,,4SVv3wQdjiRjHuuh8Tb6Jg7UIlPz,marketing and advertising,linkedin.com/company/perceived-world,london,perceived world,england,1-10,perceived.world
united kingdom,2012,Z01ZYFCUDqeRdt075nizUgxoBpgI,marketing and advertising,linkedin.com/company/mbh-agency-ltd,london,mbh agency ltd,england,1-10,mbhagencie.com
united kingdom,2019,COqkuggU06pgE7DfxRaxIAGT7WaE,marketing and advertising,linkedin.com/company/creation-digital-media,london,creation digital media,england,1-10,creationdigitalmedia.com
united kingdom,1977,4dBFRJ5yXBnfkrVOfscnFQknM9sM,marketing and advertising,linkedin.com/company/thegrovemedia,london,the grove media | b corp™,england,11-50,thegrovemedia.co.uk
united kingdom,,gqpTAvNLBR97ug0QeKafBAy9z5jQ,marketing and advertising,linkedin.com/company/candyce-costa-consultant,london,candyce costa consultant,england,1-10,candycecosta.com
united kingdom,2018,7qqDWkaFLI4UWcBIa4WRTwRfEUwl,marketing and advertising,linkedin.com/company/smmgrp,dudley,uptick digital,england,1-10,uptickdigital.co.uk
united kingdom,,00psm0zX64EFBmO8QJKQDAhpw4Zz,marketing and advertising,linkedin.com/company/pizzazz-promotions-limited,london,pizzazz promotions limited,england,1-10,
united kingdom,2020,lpXoHMINI4U2B1ZmMOSNfAyMjax1,marketing and advertising,linkedin.com/company/the-reclamation-shop,staffordshire,hypd,england,1-10,hypd.live
united kingdom,,rMwClNd0ozBMXuwBlzDfRgDp2fUZ,marketing and advertising,linkedin.com/company/lorenas-mileris-marketing,london,lorenas mileris marketing,england,1-10,lorenasmilerismarketing.com
united kingdom,,WBedyrjJGMeaDhqg7mIR7AIhvSRA,marketing and advertising,linkedin.com/company/purple-stone-academy-limited,london,purple stone academy limited,england,11-50,smartinvestorscircle.com
united kingdom,,kqDGmCm0zHk3gZGBGkTMVgtPiDuo,marketing and advertising,linkedin.com/company/the-big-scream,london,the big scream,england,1-10,thebigscream.com
united kingdom,2004,d0YR7hSoymsyWeCc6VCl5gUq7M73,marketing and advertising,linkedin.com/company/eight-wire,falmouth,eight wire,england,11-50,eightwire.uk
united kingdom,,8NuEDY3CLdUDCoTaX5PDRg0TnIS7,marketing and advertising,linkedin.com/company/mirror-digital-media-ltd,southampton,mirror digital media ltd,england,1-10,mirrordigitalmedia.co.uk
united kingdom,2016,a01Y06Ek6rkBd8cSl64OQg6Y1k4H,marketing and advertising,linkedin.com/company/salience---growth-and-innovation-agency,london,ascendant,england,1-10,ascendant.uk
united kingdom,2016,9yBPJ1dYsr1zfXmXhIU4kg5eMnE0,marketing and advertising,linkedin.com/company/blossom-social-media-oxford,kidlington,blossom marketing,england,1-10,growwithblossom.co.uk
united kingdom,1999,6WOs3gkbq1RvwXujIKnBvQ6YnEOM,marketing and advertising,linkedin.com/company/shinebright-creative-communications,leicester,shinebright creative,england,1-10,shinebrightcc.com
united kingdom,2009,vEtciCTUBxKK0w02T2vjVQULoj5c,marketing and advertising,linkedin.com/company/mummyconstant,saint neots,mummyconstant,england,1-10,mummyconstant.com
united kingdom,2007,4N0zW9hfex9SftbmwlO5JAio7QlU,marketing and advertising,linkedin.com/company/bx-merchandise,london,bx merchandise,england,1-10,bxmerchandise.com
united kingdom,2015,DSwdDzdGgHnu1QvG9kSbBANW0Sbz,marketing and advertising,linkedin.com/company/mint-media-factory,london,mint media factory,england,1-10,mintmediafactory.com
united kingdom,2015,E3OADVniCKNQa2kT3SAxiwe7iCJd,marketing and advertising,linkedin.com/company/wowwoo,london,wowwoo digital and creative marketing,england,1-10,wowwoo.co.uk
united kingdom,2020,UxkyfQABaZJPBatdL9FWvw57stXD,marketing and advertising,linkedin.com/company/weareflutter,london,arrive,england,1-10,usearrive.com
united kingdom,,0IZD9lU92p9J6vOnBcDqvwRRFM0e,marketing and advertising,linkedin.com/company/john-dmc,hebburn,john dmc,england,1-10,johndmc.com
united kingdom,,j8gLJ4umhnpvosYAj0hMPgg8C08Z,marketing and advertising,linkedin.com/company/victoria-filling-station-limited,wyke,victoria filling station limited,england,1-10,
united kingdom,,C9zj3DSY1YVGd1QIPmohrArkc2Pb,marketing and advertising,linkedin.com/company/adromeda-agency,edinburgh,adromeda,scotland,11-50,adromeda.com
united kingdom,,5Nc17FPOcKI8brR2yRBHvwZypru3,marketing and advertising,linkedin.com/company/orma-marketing,london,orma marketing,england,1-10,ormamarketing.com
united kingdom,2020,WXZPTARVrBxB6zLYMyuRuAi1UPmz,marketing and advertising,linkedin.com/company/purmön,hove,purmön,england,1-10,purmon.com
united kingdom,,BVZ6IwEWftp2q1t53GBzKQq5DQ7P,marketing and advertising,linkedin.com/company/diamond-design-clothing,,diamond design clothing,,1-10,diamonddesignclothing.co.uk
united kingdom,,dBK46vn2Z5Zm6cDNN5R5vAUBgpjl,marketing and advertising,linkedin.com/company/darwinian-marketing,northwich,darwinian marketing,england,1-10,darwinian.marketing
united kingdom,2018,fZOabzBOCBFBJHqiJ6UkTQ9jgc2q,marketing and advertising,linkedin.com/company/trovek-personalised-marketing-solutions,birmingham,trovek | personalised marketing solutions,england,11-50,trovek.co.uk
united kingdom,2011,yg2MXzgt0XOkCGG3oSJWEAU4Z1yt,marketing and advertising,linkedin.com/company/scmtc,,scmtc,,1-10,scmtcegypt.wordpress.com
united kingdom,2015,EDoI44foBbViAuXdw1l0VwzcDy0X,marketing and advertising,linkedin.com/company/prosper²,,prosper²,,11-50,prosper2.co.uk
united kingdom,2017,9H9nBEOnOEuXdMVYlzYfkA48dAai,marketing and advertising,linkedin.com/company/next-generation-marketing-ltd,london,next generation marketing ltd,england,11-50,nextgenerationmarkets.com
united kingdom,,WK6CBZcdzMGfzE0Mhwq1CQ7HKOwS,marketing and advertising,linkedin.com/company/adsdaxplatform,swansea,adsdax,wales,11-50,adsdax.com
united kingdom,2014,ZPL9uuZ2t9w3stBWBEDZrAcJLoHn,marketing and advertising,linkedin.com/company/uniqodo-limited,london,uniqodo,england,11-50,uniqodo.com
united kingdom,1985,x34dgjuDMVXqY5hgxLJ5ogMJsOtb,marketing and advertising,linkedin.com/company/fastsigns-milton-keynes,milton keynes,fastsigns milton keynes,england,1-10,
united kingdom,2019,aLQbCawjmKlqv8FruSZBKgwATbUT,marketing and advertising,linkedin.com/company/smorgas-box-consulting,south gloucestershire,smorgas box,england,1-10,smorgasbox.co.uk
united kingdom,1999,yN8tc00Qh7xbglLKpg4XJAVwcBu3,marketing and advertising,linkedin.com/company/pd3-ltd.,london,pd3,england,11-50,pd3.co.uk
united kingdom,,7hW0XEP7UxLi5oTeBzUEnwmYqo9W,marketing and advertising,linkedin.com/company/web3-growth-podcast,london,web3 growth podcast,england,1-10,linktr.ee/web3growthpodcast
united kingdom,,bRnbPGUuZCoh9BL56oUaYwCYUzbl,marketing and advertising,linkedin.com/company/bigred-marketing,belfast,bigred marketing,northern ireland,1-10,
united kingdom,2023,GEbYu7AY1wSgpBZqs7umrwjQr7Dy,marketing and advertising,linkedin.com/company/thisisdetail,london,detail,england,1-10,thisisdetail.com
united kingdom,,pyzCUihA5pslPbCwwRB5WQn6wMbJ,marketing and advertising,linkedin.com/company/divergent-enterprises-ltd,rode,divergent enterprises ltd,england,1-10,
united kingdom,2020,0tM4fB8xPX4hQ9URDO4mcgL9ao8N,marketing and advertising,linkedin.com/company/netwurkco,newcastle,influwurk,england,1-10,influwurk.com
united kingdom,2012,WtgyJ4DF8sYWhCzBBk68MATWa67Z,marketing and advertising,linkedin.com/company/redalertsocial,burghfield,red alert social - b2b social media marketing agency,england,1-10,redalertsocial.com
united kingdom,,37BCO1MQ3hfY90H8tjr4RQRa3lLu,marketing and advertising,linkedin.com/company/viscrol-solutions-ltd,ascot,viscrol solutions ltd,england,1-10,
united kingdom,,hMiBuCW62vWm22HOv3hGJAH1YYgX,marketing and advertising,linkedin.com/company/pure-exhibiton-design-&-management-limited,brentwood,pure exhibiton design & management limited,england,1-10,
united kingdom,,RnMYkJg6d7oU7hEWt6wNnQtZ792s,marketing and advertising,linkedin.com/company/shesays-ldn,london,shesays,england,1-10,
united kingdom,,J2BkLUPAK2roBcirKexJ5gYTjstV,marketing and advertising,linkedin.com/company/fab-dio-studio,london,fab-dio studio,england,1-10,fab-agcy.com
united kingdom,,rKApZi1j1enzCsTzxYPy3g2n5pIn,marketing and advertising,linkedin.com/company/morriscommunications,wallingford,morris communications,england,1-10,morriscommunications.co.uk
united kingdom,2008,d0jL8MMrARu1y7CviSEp0gYKZ2u4,marketing and advertising,linkedin.com/company/services-for-tourism-ltd,church,services for tourism ltd,england,1-10,services4tourism.co.uk
united kingdom,,Vz1p8uanCG5KZbJKbORTrQEmxRcd,marketing and advertising,linkedin.com/company/strawberry-signs-limited,aldershot,strawberry signs limited,england,1-10,strawberrysigns.com
united kingdom,2022,HC6uYU31HGsIdwKzHNJVaAgpETLI,marketing and advertising,linkedin.com/company/heyday-digital-agency,aberdeen,heyday digital agency,scotland,1-10,heydaydigitalagency.co.uk
united kingdom,,JXyCzS4gsVzAyD07GYPEBAaayu3u,marketing and advertising,linkedin.com/company/christine-catt-consultancy-limited,london,christine catt consultancy limited,england,1-10,
united kingdom,2023,Fv3bc78pY0kEBjaPctAliACA8ZkU,marketing and advertising,linkedin.com/company/seo-services-hub-company-official,london,seo services hub,england,1-10,seoserviceshub.info
united kingdom,2011,rcpzjbRqdL0OwJF5HT0CKgVGMJeo,marketing and advertising,linkedin.com/company/avoencom,london,avoen,england,1-10,avoen.com
united kingdom,2017,wcXVpNa9egOuXPWClNvF9QndBfeQ,marketing and advertising,linkedin.com/company/rachelbishopconsulting,,rachel bishop consulting,,1-10,rachel-bishop.com
united kingdom,2017,3H2V2b3eQfZBijMWqtkRhAzBne1d,marketing and advertising,linkedin.com/company/digibrain-media,london,digibrain consulting,england,1-10,calendly.com/adam-kosky2
united kingdom,2008,PUef4kyGcnhZexa5yM4B1QgxHArX,marketing and advertising,linkedin.com/company/signs-express-aylesbury,aylesbury,signs express (aylesbury),england,1-10,
united kingdom,,tbO2MROZ5yNncohw4zjvlQKjnjNH,marketing and advertising,linkedin.com/company/inside-mobile,london,inside mobile,england,11-50,
united kingdom,,lwZ6YTyg09pyNSSo5ne0CQHmh8uB,marketing and advertising,linkedin.com/company/contactpr-limited,london,contactpr limited,england,1-10,
united kingdom,,AIRBrJKpIK5DX1yVfSCM0QbxPXgv,marketing and advertising,linkedin.com/company/local-discounts-and-vouchers-ltd.,suffolk,local discounts and vouchers ltd.,england,1-10,
united kingdom,,7GygScW0HwfWq7DCHWo3BweiiXzn,marketing and advertising,linkedin.com/company/houseofidentity,london,houseofidentity,england,1-10,
united kingdom,,DiwbqBoRjoP5QNMUpOvdCw1pbJx2,marketing and advertising,linkedin.com/company/primesight-limited,london,primesight limited,england,1-10,
united kingdom,2016,fR6Cuwl1mCiyvRgbqbHe0A8N6mGp,marketing and advertising,linkedin.com/company/b-connected-media,derry,b connected media,northern ireland,1-10,bconnectedmedia.co.uk
united kingdom,,LV6VhwDBRThqnPT0KtQ9gwXIzhtX,marketing and advertising,linkedin.com/company/horizon-gate,london,horizon gate,england,1-10,horizongate.net
united kingdom,,RXTHJPxBGjLNRBsIpeBZ0gyoPSJA,marketing and advertising,linkedin.com/company/lee-smith-promotions-ltd,london,lee smith promotions ltd,england,1-10,
united kingdom,,E8zRQGCfVBF38KuuJPq6CgYFx8go,marketing and advertising,linkedin.com/company/tony-ball-associates-plc,london,tony ball associates plc,england,1-10,
united kingdom,2024,QElGVdB1RtQmCpxtnOd5igdFnQhY,marketing and advertising,linkedin.com/company/tania-gerard-digital,leicester,tania gerard digital,england,1-10,taniagerard.co.uk
united kingdom,2023,70Nrg1ZhtmBLGAgWQPdMgAqEhYsB,marketing and advertising,linkedin.com/company/advantage-a-uk,london,advantage agency,england,1-10,advantage-agency.co
united kingdom,2012,1WVpOPsHeJqCHlmK2JXOqQv3IPeZ,marketing and advertising,linkedin.com/company/atomic-london,london,atomic london,england,11-50,atomic-london.co.uk
united kingdom,2021,Grp2WNJ3Byd9egtqcYh8kw3LRToH,marketing and advertising,linkedin.com/company/luce-rawlings-seo,newbury,luce rawlings: seo consultant,england,1-10,lucerawlings.com
united kingdom,,FQhAktQcNqVfpC50LXc6rwX6a2qI,marketing and advertising,linkedin.com/company/digidec-limited,london,digidec limited,england,1-10,
united kingdom,,5EvmtBCimWjSGz5oS3L9BAhdcn6U,marketing and advertising,linkedin.com/company/havard-stables,newport community,havard stables,wales,1-10,havardstables.co.uk
united kingdom,,2qnKCWLaVtqXrCN7NUG9XgiLQ6tT,marketing and advertising,linkedin.com/company/ix-collective,london,ix collective,england,1-10,ixcollective.com
united kingdom,2018,tgZDVDa0bzP420MJL9EDCQ0c1A9e,marketing and advertising,linkedin.com/company/be-more-communications-ltd,cann common,be more.,england,1-10,
united kingdom,2013,XPN9rqTUtT1PdqMTmJ4ClQgYZpEa,marketing and advertising,linkedin.com/company/smart-marketing-shop,belfast,smart marketing shop,northern ireland,1-10,smartmarketingshop.com
united kingdom,2002,bj87GGlOxTivtYzrYLCiwAKVamQi,marketing and advertising,linkedin.com/company/livelink-new-media,manchester,livelink new media,england,11-50,livelinknewmedia.com
united kingdom,,Otblvnyy2Wyxrd06zk31Dw5jSm3K,marketing and advertising,linkedin.com/company/silver-giraffe-ltd,maidenhead,silver giraffe ltd,england,1-10,
united kingdom,2019,n5foiwxXXkZ8ZNU47fcX7gvtWvK5,marketing and advertising,linkedin.com/company/reason-agency,tarves,reason agency,scotland,1-10,reason.agency
united kingdom,2022,qHlJqmOuMEsbNA8chsThNwngza2y,marketing and advertising,linkedin.com/company/jamie-white-seo,leeds,jamie white seo,england,1-10,jamiewhiteseo.com
united kingdom,,fR8KLT1TzdCOTMpShMfrwQGejwsv,marketing and advertising,linkedin.com/company/active8-media,london,a8 media,england,1-10,active8media.co.uk
united kingdom,2017,FnuPqaaU3i7T8uxQYB0BEQvZU2ac,marketing and advertising,linkedin.com/company/connected-influence,edinburgh,connected influence,scotland,1-10,connectedinfluence.com
united kingdom,,0I4iq9lPcLIAgSOsaoqtwgZdduQe,marketing and advertising,linkedin.com/company/the-garden-and-home-trading-company-limited,leyland,the garden and home trading company,england,1-10,
united kingdom,2018,bJW1x5ZZqrrsBoFFqaotLwGzpuoI,marketing and advertising,linkedin.com/company/stonefield-marketing,edinburgh,stonefield marketing,scotland,1-10,stonefieldmarketing.co.uk
united kingdom,2012,wOfZnsuKzc5novjZofPDEQ5gNZ4m,marketing and advertising,linkedin.com/company/aud-rosu-the-red-hearer-advertising-agency,raunds,cat apps,england,1-10,catapps.co.uk
united kingdom,,HRgD1Q5ybhO9d6Yk2bqzBQzHSXi1,marketing and advertising,linkedin.com/company/catalogue-publishing-limited,london,catalogue publishing limited,england,1-10,
united kingdom,2019,XWQlsHu7k8jg88gRF74SngSSoLsv,marketing and advertising,linkedin.com/company/society-studios,leeds,society studios®,england,11-50,societystudios.co.uk
united kingdom,2018,7mPCVvTPclPV0xzgQKoErwIfxrLu,marketing and advertising,linkedin.com/company/mission10,aberdeen,mission10,scotland,11-50,mission10.co.uk
united kingdom,2012,143FQjvSC4LXjK2aFI9RBAlZfYBl,marketing and advertising,linkedin.com/company/ftd-digital,odiham,ftd digital,england,1-10,ftddigital.com
united kingdom,,0HQo1rnXogN7DHucEV3kggAeqzps,marketing and advertising,linkedin.com/company/ionian-island-holidays-ltd,london,ionian island holidays ltd,england,11-50,ionianislandholidays.com
united kingdom,,CH8GY4U6cZS67QiWRUCrUgoTRX00,marketing and advertising,linkedin.com/company/viva-banners-limited,headcorn,viva banners limited,england,1-10,
united kingdom,2020,4lDvBBqbnJUAAgBKsho8ZQFWmUIl,marketing and advertising,linkedin.com/company/mediabridgegloballimited,london,mediabridge global,england,11-50,mediabridgeglobal.com
united kingdom,2021,DCEwdit5CHSvd3Ug8tiCUAOUORjr,marketing and advertising,linkedin.com/company/unite-digital-ltd,brighton,unite digital ltd,england,1-10,unitedigital.co
united kingdom,2023,7F6dbxWOYM9h3Pj50HW0RA9HvZNC,marketing and advertising,linkedin.com/company/goose-navigation,london,goose: the co-pilot for maverick brands,england,1-10,needagoose.com
united kingdom,2020,vf3m6RnO9CcIbrxibXTFHQAeeMay,marketing and advertising,linkedin.com/company/corporate-finance-directory-london,london,corporate finance directory london,england,1-10,corporatefinancedirectorylondon.com
united kingdom,,4f2tzzhVzG3AB6lX69ManQ7LERbK,marketing and advertising,linkedin.com/company/pastiche-llc,chichester,pastiche llc,england,1-10,pastichellc.com
united kingdom,2011,iGg6qCqJit3Cl6P0u9WKXQOvHIzx,marketing and advertising,linkedin.com/company/corporate-notebooks-limited,london,corporate notebooks limited,england,1-10,corporatenotebooks.co.uk
united kingdom,2020,SG0oNfweSczhBtPnCXMVzQ7S7gzF,marketing and advertising,linkedin.com/company/katseye-mediauk,weston-super-mare,katseye media,england,1-10,katseyemedia.co.uk
united kingdom,2020,c6SKw1Mx2B7T3OzYjeVeLg4Bmf3M,marketing and advertising,linkedin.com/company/newtron-digital,london,newtron digital,england,1-10,newtrondigital.com
united kingdom,2021,AaRACFnfMFTNv7N4QNKsKQRRCTox,marketing and advertising,linkedin.com/company/cyber-,london,cyber marketing,england,1-10,
united kingdom,,sTyx1RcVc0fauC4rL6ciWQJEVW2C,marketing and advertising,linkedin.com/company/murphy-s-consultancy-ltd,manchester,murphy's consultancy ltd,england,1-10,
united kingdom,2024,42AYdwufOvmg0n07eDeV0w1n7qm3,marketing and advertising,linkedin.com/company/spectra-virtus,london,spectra virtus,england,1-10,spectravirtus.com
united kingdom,2020,emxdPy3EZC5pk94lNJE5TAe8wcH6,marketing and advertising,linkedin.com/company/ragdoll-digital,derbyshire,ragdoll digital,england,1-10,ragdolldigital.co.uk
united kingdom,,PWRleQSDffYwfdxJCpP5vwIjXtUg,marketing and advertising,linkedin.com/company/thunderpitch,moreton in marsh,thunderpitch,england,1-10,thunderpitch.co.uk
united kingdom,2020,57wErlhvZiKbudVmMLEQAglz4yx9,marketing and advertising,linkedin.com/company/bear-duck-digital,wolverhampton,bear duck digital,england,1-10,
united kingdom,,Ct6uUOcjGQRYhQcgsRYaYQWRussd,marketing and advertising,linkedin.com/company/p-force-ltd.,london,p-force ltd.,england,1-10,
united kingdom,,ObCKEJ9sj5s3gOhtrVbe5gqlxyfZ,marketing and advertising,linkedin.com/company/encore-supplies-limited,winslow,encore supplies limited,england,1-10,
united kingdom,,kqtPXRuwFO492MJXMypi5Q4Hk5i4,marketing and advertising,linkedin.com/company/sayers-media,oakham,sayers media,england,1-10,sayersmedia.co.uk
united kingdom,2010,8hiVABDitcEyvEyTd7h1gwwvJOh5,marketing and advertising,linkedin.com/company/west-street-marketing-ltd,nottingham,west street marketing ltd,england,1-10,west-street-marketing.co.uk
united kingdom,2022,CqLMbnJbeQnAspcydUCCKgTH7njE,marketing and advertising,linkedin.com/company/lanternstreetmedia,birmingham,lantern street media,england,1-10,lanternstreetmedia.com
united kingdom,2006,VLT2L8wZxBhPGy76KCzPhgjhJNVu,marketing and advertising,linkedin.com/company/m&c-saatchi-mobile,london,m&c saatchi mobile,england,51-200,insidemob.com
united kingdom,,Cep7xjXs020WGZQCDB7u5gN38dMc,marketing and advertising,linkedin.com/company/parker-reed-ltd,colchester,parker reed ltd,england,1-10,
united kingdom,2010,KN8aCQnDPs0Dhon6xZDiOwp0X9qM,marketing and advertising,linkedin.com/company/jiminy-consulting,henfield,jiminy consulting,england,1-10,jiminyconsulting.com
united kingdom,2008,EzJhYksC1iYU23x1iw65CAbTgTH2,marketing and advertising,linkedin.com/company/xen-consultants-ltd,milton keynes,xen consultants ltd,england,11-50,xenconsultants.co.uk
united kingdom,,Ft0dIWBoQ03ahe3F4aRfxQm1rOYw,marketing and advertising,linkedin.com/company/getspace-digital,london,getspace.digital,england,1-10,getspace.digital
united kingdom,2011,68zRi64ZQ6YB4STruODjBwpQIb3Z,marketing and advertising,linkedin.com/company/nf-admedia,london,nf admedia,england,1-10,nfadmedia.com
united kingdom,2020,pavpKflCAykLpZJK6AV3VwiFnETd,marketing and advertising,linkedin.com/company/the-product-onboarders,london,the product onboarders,england,1-10,theproductonboarders.com
united kingdom,1986,qNIgnJhf4YfBKeds858WBgOVxiLV,marketing and advertising,linkedin.com/company/dmbgroup-ltd,leeds,dmbgroup ltd,england,11-50,dmbgroup.co.uk
united kingdom,2019,LcZ05T7SwHNHHd47AHs8rgWWQsWK,marketing and advertising,linkedin.com/company/huddart-consulting-ltd,london,huddart consulting ltd.,england,1-10,huddartconsulting.com
united kingdom,2012,VOx8JE1ErxZGJU4YQlfJBQtHtZr8,marketing and advertising,linkedin.com/company/the-seashell-group,leighton buzzard,the seashell group,england,11-50,theseashellgroup.com
united kingdom,2017,pGPeOQ6X5cycZxqsZxe7EgbpqLVJ,marketing and advertising,linkedin.com/company/paymonthlymarketingltd,london,pay monthly marketing ltd,england,11-50,paymonthlymarketing.com
united kingdom,2013,zrmsjNAeDeUZjhDkwz32BwNnRqkX,marketing and advertising,linkedin.com/company/cheeky-communications-limited,royal tunbridge wells,cheeky communications,england,11-50,cheekycommunications.com
united kingdom,2020,rRPYtqxEWJJak5OwnInHdg0B2VEF,marketing and advertising,linkedin.com/company/ican-communications-ltd,,ican communications,,1-10,icancommunications.com
united kingdom,,ZCn5FbJqZokpBzhCJTFmUwP4ClOS,marketing and advertising,linkedin.com/company/key-web-and-marketing-ltd,llandovery,key web and marketing ltd,wales,1-10,midwalesweb.co.uk
united kingdom,2013,ogDmrCtfCnKGe1HGz3jzUAiwWz5T,marketing and advertising,linkedin.com/company/sigma-media-ltd,rochester,sigma media.,england,1-10,sigmamediaco.com
united kingdom,2015,BR2iOMR8gPtsNPJussfenA3OUKmO,marketing and advertising,linkedin.com/company/missinglettr,,missinglettr,,1-10,missinglettr.com
united kingdom,2013,9EFnR4bpB0rOculussJiLgmLw2dg,marketing and advertising,linkedin.com/company/cheeky-gorgonzola,london,abm stars,england,11-50,abmstars.com
united kingdom,2018,sC2mHRCRpNUZ4xDM2AO1nw6eEOAu,marketing and advertising,linkedin.com/company/the-bearded-retoucher,london,the bearded retoucher,england,1-10,thebeardedretoucher.com
united kingdom,2022,NYbtpUcsK8wZcmabrZlDiQOaMlMR,marketing and advertising,linkedin.com/company/the-social-nomad,birchington,the social nomad,england,1-10,thesocial-nomad.com
united kingdom,1987,jpuYKD83zWiGXr3oAP2zDg0LHcno,marketing and advertising,linkedin.com/company/publicity-matters,bristol,publicity matters,england,1-10,publicitymatters.com
united kingdom,,2TgkEVg6sh8udCWLTQhySwJmwlrz,marketing and advertising,linkedin.com/company/linkmore-services,london,linkmore,england,1-10,
united kingdom,,MLFACTQeGCjkFf5FYSoh3QpfOcnF,marketing and advertising,linkedin.com/company/mass1,london,mass1,england,11-50,mass1.com
united kingdom,,tQCTwCVKqANh9nrjADnCIwN0Ybpn,marketing and advertising,linkedin.com/company/exceedr-commerce,london,exceedr commerce,england,11-50,
united kingdom,2019,y25qLlxsEoXcUf7tExX7NAV26xd1,marketing and advertising,linkedin.com/company/exceedonlineuk,leeds,exceed,england,1-10,exceedonline.co.uk
united kingdom,,WSi4YkRQXCDewrmZ4Cq12AgBBwrj,marketing and advertising,linkedin.com/company/multum-insight-limited,reading,multum insight limited,england,1-10,multuminsight.co.uk
united kingdom,,fw3E0yJ0Bx7OhPx61xeHiQLGPhye,marketing and advertising,linkedin.com/company/svedant-digital-marketing,glasgow,sv digital marketing,scotland,1-10,vedantyashverma.com
united kingdom,2023,wA0Dw4XmyF4BS63Yu6MrIwvrL71t,marketing and advertising,linkedin.com/company/shardlow-digital,cannock,shardlow digital,england,1-10,shardlow.digital
united kingdom,2013,UxeRnOv1ivwzWXaH9uKZ8wLYPxVb,marketing and advertising,linkedin.com/company/animuswebs,edinburgh,animus webs,scotland,201-500,animuswebs.com
united kingdom,,NQy5CekLJHEmalGkkPOG0AQcCIaZ,marketing and advertising,linkedin.com/company/whitepicketfence,verwood,white-picket-fence,england,1-10,white-picket-fence.co.uk
united kingdom,2020,fxVEw1fHWAlpkBdJd4FVdQQLgRWL,marketing and advertising,linkedin.com/company/shop-suffolk,woodbridge,shop suffolk,england,1-10,shopsuffolk.co.uk
united kingdom,2018,5VmGQDtnurjN9zno9giRCwE4iw8Q,marketing and advertising,linkedin.com/company/jslytics,london,jslytics,england,1-10,jslytics.com
united kingdom,2022,hTW34iToT2mx1D2W95GwwAIpVRb8,marketing and advertising,linkedin.com/company/robots-and-humans,london,robots & humans,england,1-10,robotsandhumans.com
united kingdom,,hlFx2TKR6o3XqW4NGTNufwvfOUHo,marketing and advertising,linkedin.com/company/miller-ad-ltd,london,miller ad ltd,england,1-10,
united kingdom,,QjTRQ35GY5n3kMt6nYhgLgY23hd8,marketing and advertising,linkedin.com/company/silvertap,,silvertap,,11-50,
united kingdom,2015,NmeG44WDEgG6jxmLwBunXAzWYSj2,marketing and advertising,linkedin.com/company/drivenmediauk,burton upon trent,drivenmediauk,england,1-10,drivenmedia.co.uk
united kingdom,2020,QLVyXqemConKUCsHUucqfw29LgWl,marketing and advertising,linkedin.com/company/ratatat-ltd,london,ratatat ltd,england,1-10,ratatat.co.uk
united kingdom,,UrxgSthbxZHbufNeteR0JwAlIEts,marketing and advertising,linkedin.com/company/regency-network,norwich,regency,england,1-10,regency-network.co.uk
united kingdom,,YcSR2x0d6ibHEfH05Xix8wXsk4F2,marketing and advertising,linkedin.com/company/bytex-marketing,london,bytex marketing,england,1-10,bytexmarketing.com
united kingdom,,4xZFy6qYqy4JDestS7XhBwmBY2e3,marketing and advertising,linkedin.com/company/arly-digital,london,arly.digital,england,1-10,arly.digital
united kingdom,,Wuh0ti7zldjQxVLv3GaQWQA4ZcXD,marketing and advertising,linkedin.com/company/andersons-consultants-limited,london,andersons consultants limited,england,1-10,andersonconsulting.com
united kingdom,1978,1ZZ8XQL7TerBska02qlgpAxdEqj2,marketing and advertising,linkedin.com/company/the-caples-awards-ltd,aylesford,the caples awards ltd,england,1-10,caples.org
united kingdom,2016,YBx7e7iaZJIzYmNBmPDvtQmAt1lc,marketing and advertising,linkedin.com/company/erudite-digital-solutions,belfast,erudite digital solutions,northern ireland,1-10,weareerudite.com
united kingdom,,wYtkxFrUo0vDLln3aZPQ0wQe8iAE,marketing and advertising,linkedin.com/company/applecroft-limited,london,applecroft limited,england,1-10,
united kingdom,2009,h4x6jbwPtiTyEPjMTFS1RwkoA3F1,marketing and advertising,linkedin.com/company/savage-digital-marketing,london,savage digital marketing,england,1-10,itseeze-watford.co.uk
united kingdom,2002,hKkk1oSpSDqMyrt84NrNbg8lJEOv,marketing and advertising,linkedin.com/company/the-media-centre-llc,london,"the media centre, llc",england,1-10,mediacentrellc.com
united kingdom,2021,sPET3WDvQ9Lm8Uiz9drLVADGTUF3,marketing and advertising,linkedin.com/company/brand-a-consultancy,london,branda consultancy & training ltd.,england,1-10,brandaconsulting.co.uk
united kingdom,2020,OFxMyGBoSVvdrHVh0DooJwQExLPg,marketing and advertising,linkedin.com/company/avellite,great dunmow,avellite it services & development,england,1-10,avellite.co.uk
united kingdom,2020,PeDlR5C2PRr1Bd0CsWPhqg3NNnkI,marketing and advertising,linkedin.com/company/hegelian-digital,guildford,hegelian digital,england,1-10,hegeliandigital.com
united kingdom,2020,jqdRNWg47ghw2mc6zWlQqAlWuaPj,marketing and advertising,linkedin.com/company/frances-rose-social-media,london,frances rose social media,england,1-10,frances-rose.co.uk
united kingdom,,71WRBttdXUKrVB6qI986HAbD4YsM,marketing and advertising,linkedin.com/company/neighbourhood-direct-ltd-,lytham,neighbourhood direct ltd.,england,1-10,
united kingdom,,9svBn9u98lCwYB44ubJhLAgLybHp,marketing and advertising,linkedin.com/company/tapped-leeds,leeds,tapped leeds,england,1-10,tappedleeds.co.uk
united kingdom,,VtkCN6t0xdvZcYBFJcUnqwbSIRPp,marketing and advertising,linkedin.com/company/gingerandginger,london,ginger + ginger,england,1-10,gingerandginger.com
united kingdom,,StW1VK2ACZ6Wv8zLChPmmwoE1SnB,marketing and advertising,linkedin.com/company/ejc-design,isle of whithorn,ejc design,scotland,1-10,ejcdesign.com
united kingdom,2013,DTWCCzL4y6K30usrfzcdBglyfAYb,marketing and advertising,linkedin.com/company/wavemediauk,truro,wavemedia (sw) ltd,england,1-10,wavemediauk.com
united kingdom,2000,hCsd9wBWhz5Qg9uxnJifMA5IlxBX,marketing and advertising,linkedin.com/company/venturethree,london,venturethree,england,51-200,venturethree.com
united kingdom,,7J7sPo5ArTrHdPrRndlfqAfaam0U,marketing and advertising,linkedin.com/company/leadtodealchallenge,grantham,lead to deal challenge,england,1-10,leadtodealchallenge.com
united kingdom,2020,0iBW69Fwfd6pTyHHMbBHtwbHxk1l,marketing and advertising,linkedin.com/company/backlinks360,primrose valley,backlinks360,england,11-50,backlinks360.net
united kingdom,,v8CgdCWmQYPf3Js6lzPGcgePY0JI,marketing and advertising,linkedin.com/company/farm-place-associates-limited,brighton,farm place associates limited,england,1-10,
united kingdom,1988,I4bhyYynBonoFxtheTWAowiICs47,marketing and advertising,linkedin.com/company/the-garden-marketing-consultants,bourne end,the garden marketing & pr,england,11-50,comeintothegarden.co.uk
united kingdom,2003,qm1n2u0DBZaBmsEPp8JcmA2XdDqZ,marketing and advertising,linkedin.com/company/the-new-celebrity-llc,london,"the new celebrity, llc",england,1-10,thenewcelebrity.com
united kingdom,,CxB2hzxIY5mrVsgoOCCukATfFlpv,marketing and advertising,linkedin.com/company/kings-hill-services,,kings hill services,,1-10,kingshillservices.co.uk
united kingdom,2021,JhOXLM83jHHxBWFaWQKiYQ3p6KUB,marketing and advertising,linkedin.com/company/pivot-marketing-uk,london,pivot marketing uk,england,1-10,pivotmarketing.net
united kingdom,,X7txgjZy5ZvdgmVUA3KbpwWguKOn,marketing and advertising,linkedin.com/company/the-message-board-limited,birmingham,the message board limited,england,1-10,
united kingdom,2016,acwUZ6VnGtMeLBZoDCifXwmAzTIY,marketing and advertising,linkedin.com/company/red-point-media-house,hornsey,redpoint media house,england,1-10,redpoint.media
united kingdom,2020,75IiBH3SU3RzAJvlYRjL9wWhx8sW,marketing and advertising,linkedin.com/company/social-posting-base,leatherhead,social posting base,england,1-10,socialpostingbase.com
united kingdom,,zeb8IH7Ct9dvZelEhabGcQErrrrV,marketing and advertising,linkedin.com/company/diems-consult,northwich,diems consult,england,1-10,diems.co.uk
united kingdom,,zJBL2ryjAZqkvwIg5p1sWg1q5RTF,marketing and advertising,linkedin.com/company/toastmaster,maidstone,toastmaster,england,1-10,toastmaster-roy-theobald.co.uk
united kingdom,2022,mBv9ovcahxV2w9vTE8r3WgqtvsPB,marketing and advertising,linkedin.com/company/amplifyms,london,amplify marketing services,england,1-10,amplify.ms
united kingdom,,zUNF52WHZVlrL9b8C4jDHAyPN1Y1,marketing and advertising,linkedin.com/company/fredrik-ahlin-ltd,london,fredrik ahlin ltd.,england,1-10,
united kingdom,2023,FGtW3hLGZBRfKCP0Xl7VVwh9gMSL,marketing and advertising,linkedin.com/company/lebach-partners,london,lebach & partners,england,1-10,
united kingdom,2017,oYB6SOuB5e93PByiv2Sm7QlqS1ve,marketing and advertising,linkedin.com/company/penultimate,london,penultimate,england,1-10,penultimate.co.nz
united kingdom,2015,VIrsDezf8SYsHcdpFmjrdgsKdoiS,marketing and advertising,linkedin.com/company/mpa-commercial-ltd,weybridge,mpa commercial ltd,england,1-10,
united kingdom,2020,jwzGyIBKVj7U0YBgagAZtAhKQJ7T,marketing and advertising,linkedin.com/company/fabulatte,high wycombe,fabulatte,england,1-10,fabulatte.co.uk
united kingdom,,0zCG9A7Y1NW4Q9c92v4dTAFqSPB3,marketing and advertising,linkedin.com/company/insanity-media,,insanity media,,1-10,insanity.media
united kingdom,2010,JCOrYA5BTSzyfwxwSUCgwQsatOOK,marketing and advertising,linkedin.com/company/bigradar,london,bigradar,england,11-50,bigradar.io
united kingdom,,IDJwbFYX7pMNLDNZUQQJLAVjY2tf,marketing and advertising,linkedin.com/company/local-business-wizard,london,local business wizard,england,1-10,localbusinesswizard.co.uk
united kingdom,2015,B5baILB6Va5Rg21Ri1wYDgRtY4Wv,marketing and advertising,linkedin.com/company/paypergrowth,,paypergrowth,,1-10,ppgrowth.com
united kingdom,2017,Yn3Idu0CMjPuXJUNdHJlrQyiBV1m,marketing and advertising,linkedin.com/company/mg-empower,london,mg empower,england,51-200,mgempower.com
united kingdom,2020,SuLsZMx7p7mcU9UNVMCwqgZnRIVD,marketing and advertising,linkedin.com/company/admiah-digital,aylesbury,admiah digital,england,1-10,admiahdigital.co.uk
united kingdom,,219fsaXz5WL47AlzAuY6iwbh2mgS,marketing and advertising,linkedin.com/company/ferrous-creative,london,ferrous creative,england,1-10,meetferrouscreative.com
united kingdom,,Sw6OA8lFVOAL2R1lAAAwiwE2fMla,marketing and advertising,linkedin.com/company/awg-marketing-limited,dorset,awg marketing limited,england,1-10,
united kingdom,2021,ltOkWDeJUpQcxfAjJirFYAzL5QIp,marketing and advertising,linkedin.com/company/incharacter-agency,london,incharacter agency,england,1-10,incharacter.agency
united kingdom,,f85yiNUBy9hgBUae7bsswQUDwLkg,marketing and advertising,linkedin.com/company/do-something-ltd,oxford,do:something ltd,england,1-10,
united kingdom,2008,Hl6Au2rm0OSgv37KCm25UAvDvx0G,marketing and advertising,linkedin.com/company/ramsay-macfarlane---freelance-designer,,ramsay macfarlane - freelance designer,,1-10,ramsaymacfarlane.com
united kingdom,,29nyED4uiubh2iyRBhG7NgH4wqYu,marketing and advertising,linkedin.com/company/challenger-creative-uk-ltd,birmingham,challenger creative uk ltd,england,1-10,
united kingdom,,dDWoH5ZnzBpEh8mZPSi00wnNES5B,marketing and advertising,linkedin.com/company/griffin-and-associates-limited,rickmansworth,griffin and associates limited,england,1-10,
united kingdom,,NvohKOzBhxCShVeyM6BSZAagcURl,marketing and advertising,linkedin.com/company/m8creative-limited,alsager,m8creative limited,england,1-10,
united kingdom,,AxlVfhZkFB212IK8leBCOgW0PUhT,marketing and advertising,linkedin.com/company/hurry-up-ltd,london,hurry up ltd,england,1-10,hurryupharry.co.uk
united kingdom,1999,oleOGzwaJdovMk85DuiwegnGM4UR,marketing and advertising,linkedin.com/company/moss-design-associates,scone,moss design associates,scotland,1-10,mossdesign.eu
united kingdom,,HLlc0DUMxcuqdKMtbkgGFAxVAe9p,marketing and advertising,linkedin.com/company/your-brand-reach,london,your brand reach,england,1-10,yourbrandreach.net
united kingdom,,9XOEwHTMIcQxvntKwrfLEAz3D4lH,marketing and advertising,linkedin.com/company/smc-design-creative-limited,west berkshire,smc design creative limited,england,1-10,
united kingdom,2017,Tngpm1zBQtdrf3I1bcNzPwIeksuo,marketing and advertising,linkedin.com/company/ridetheroundabout,london,roundabout - the gen z agency,england,1-10,
united kingdom,2018,I3OzIwA42o5cfWgO90sBhwbrnYSJ,marketing and advertising,linkedin.com/company/proper-branding-marketing,london,property branding,england,1-10,propertybranding.co.uk
united kingdom,,RuvLdAm93XTqFuZC6CmgCge9OlRe,marketing and advertising,linkedin.com/company/cgmarketingandstuff,saint albans,cg:marketing,england,1-10,cgmarketing.co.uk
united kingdom,2018,r9OgWxn3unBCF76cnYL0VgKFTxuA,marketing and advertising,linkedin.com/company/cravity-marketing-solutions,london,cravity marketing solutions,england,1-10,cravity.co.uk
united kingdom,1919,3IllFxORz9lpW0zvxiXTDACWOIzY,marketing and advertising,linkedin.com/company/stuart-hirst-limited,leeds,stuart hirst limited,england,11-50,stuarthirst.co.uk
united kingdom,,TUXsCozI2bieQv3PnLlJ8w466HGg,marketing and advertising,linkedin.com/company/majik-marketing-limited,warwick,majik marketing limited,england,1-10,
united kingdom,2018,lPDImcpzSQgHCGAfftGThgmljesZ,marketing and advertising,linkedin.com/company/humantheory,london,human theory,england,1-10,humantheory.co.uk
united kingdom,,kuyBHQ5B7kGRI1PaQ5JOmwzrIPWx,marketing and advertising,linkedin.com/company/tim-needham-limited,wellingborough,tim needham limited,england,1-10,
united kingdom,2017,aXiMQyyCpPWOylmADBfgsA4ycCWr,marketing and advertising,linkedin.com/company/stax-digital,northampton,stax digital,england,1-10,
united kingdom,2017,JdnAw665zAVuTwp3BCqmsQWuwsbK,marketing and advertising,linkedin.com/company/wildsocialuk,nottingham,wild social,england,1-10,wildsocial.co.uk
united kingdom,2008,ZMVx4NKmu6EbIyg5qBrBqAZqsejQ,marketing and advertising,linkedin.com/company/cs-design-services-limited,durham,cs design services limited,england,1-10,
united kingdom,,qt4lAVEQjfVFiGYWrws4HgJ6haGY,marketing and advertising,linkedin.com/company/your-big-ideas,,your big ideas,,1-10,yourbigideas.co.uk
united kingdom,,X1gAj33iUGg3fMEZ3y2AnARj1rrv,marketing and advertising,linkedin.com/company/the-corner-communications-ltd,london,the corner communications ltd,england,1-10,
united kingdom,2010,fif3mIhl1s62aVOQsLQOjASq82Oi,marketing and advertising,linkedin.com/company/lauda-ltd,crawley,lauda ltd,england,1-10,
united kingdom,,gpRNEixwCTcdY8f63wHywAzqJpFy,marketing and advertising,linkedin.com/company/seesaw-social,london,seesaw social,england,1-10,
united kingdom,2006,gihs7ad2vRgHu65V9wovigQaY3eg,marketing and advertising,linkedin.com/company/stephan-hammes-ltd,london,stephan hammes ltd,england,1-10,stephanhammes.com
united kingdom,2022,vVTneYdIyx16EtBsvvDABQhJJNyN,marketing and advertising,linkedin.com/company/job-legal-board,london,job legal board.,england,11-50,joblegalboard.com
united kingdom,2016,bgUfwymrTqsK4CKpCsYMbwAsDVh1,marketing and advertising,linkedin.com/company/impact-four,london,impact four - brand desire and shopper devotion,england,1-10,impactfour.london
united kingdom,,XyMoGNS7VfZIXYx6xBNCfQrUzcwk,marketing and advertising,linkedin.com/company/inspire-to-inspire-network,london,inspire to inspire network,england,11-50,inspiretoinspirenetwork.com
united kingdom,2015,n9eR2Dk6PkYwCHtDICpbWAneVsk8,marketing and advertising,linkedin.com/company/moad---digital-agency,london,moad - digital advertising agency,england,1-10,moad.uk
united kingdom,2023,U2OydsdM8l5ZBmmUc2LlYwH23TnS,marketing and advertising,linkedin.com/company/mgt-agency-ltd,covent garden,mgt agency ltd.,england,1-10,
united kingdom,,UDnKFeEIaGuVlx8frU4OKwrKg6DI,marketing and advertising,linkedin.com/company/weir-marketing,minchinhampton,weir marketing,england,1-10,weirmarketing.co.uk
united kingdom,,t62XGRPybChlktF0WTE4NwWyjje4,marketing and advertising,linkedin.com/company/prime-health-leads,torquay,prime health leads,england,1-10,primehealthleads.co.uk
united kingdom,,D4CIywChHXIZhAAjw647hANzrNrR,marketing and advertising,linkedin.com/company/hybrid-mobile-limited,dinnington,hybrid mobile limited,england,1-10,
united kingdom,2008,TcueX0icoR1XDlzksZpLZgXsHa4q,marketing and advertising,linkedin.com/company/adjust-your-set,london,adjust your set,england,51-200,adjustyourset.com
united kingdom,2020,TJmi658pJCTnnBepRFDHdAINtYdu,marketing and advertising,linkedin.com/company/relentlessagency,,relentless digital,,1-10,relentlessagency.co.uk
united kingdom,2016,IVvL7zDk7Y4hnvYu0HyGDghBoD9y,marketing and advertising,linkedin.com/company/capital-a-agency,milton,capital a agency,england,1-10,capitalaagency.co.uk
united kingdom,,qLpBvhWqNBXkHfeBBrO9IACktqv3,marketing and advertising,linkedin.com/company/blanket-communications-limited,caerdydd,blanket communications limited,wales,1-10,
united kingdom,2019,EugqgocDpzsdSUSQjcP1eQfgHe6b,marketing and advertising,linkedin.com/company/sw1-marketing,london,sw1 marketing,england,1-10,sw1marketing.co.uk
united kingdom,2008,pMTw113nFCOiZfPeXshZpAe2VcdB,marketing and advertising,linkedin.com/company/the-coupon-catalogue-ltd,london,the coupon catalogue ltd,england,51-200,thecouponcatalogue.com
united kingdom,2007,xcV42z0EVClYCnsPXVPUJgGmNFt4,marketing and advertising,linkedin.com/company/360strategyconsulting,glasgow,360 strategy,scotland,1-10,pixangels.co.uk
united kingdom,2022,bS9qHG1HCBD8QRZZ9G6EzQ5NmT6T,marketing and advertising,linkedin.com/company/panacea-agency,london,panacea agency,england,1-10,panacea.agency
united kingdom,,cWch8PSIgJFVAJlYBXnfjgO3Ud6G,marketing and advertising,linkedin.com/company/search-consultancy-london,london,seo consultancy - specialising in direct seo freelancing and seo contracting,england,1-10,
united kingdom,2015,U4vRW3D5GKz2LUYUF86NUgYv6TjV,marketing and advertising,linkedin.com/company/iddigi-marketing,london,iddigi marketing,england,1-10,
united kingdom,,25ReEA4ZELu6OPBykCBfdASz3bW2,marketing and advertising,linkedin.com/company/juice-data-limited,gloucester,juice data limited,england,1-10,juicedata.co.uk
united kingdom,2024,X984aZ8hAPURzkqaZDRLVwMZER1K,marketing and advertising,linkedin.com/company/brandfc,london,dgr sports,england,1-10,dgrsports.com
united kingdom,2023,8P0InjDW4XO8Hw7nCrAzAwWgnNmu,marketing and advertising,linkedin.com/company/medo-media,royal tunbridge wells,medo media,england,1-10,medomedia.net
united kingdom,,GvTH83EC7Q1x74DFRpPoxANg1h2u,marketing and advertising,linkedin.com/company/york-tyre-sales-ltd,london,york tyre sales ltd,england,1-10,yorktyresales.co.uk
united kingdom,,iyr8pL6HrGAjBLvQiGhXBw3cWCd9,marketing and advertising,linkedin.com/company/giraffics-limited,irlam,giraffics limited,england,1-10,
united kingdom,2010,BMpCsJI9TliDzJjBxMXEUQgoxQle,marketing and advertising,linkedin.com/company/novelwall,london,novelwall,england,51-200,novelwall.org
united kingdom,,S3EpwJCi1583ApXhW6MLdQvMQOdc,marketing and advertising,linkedin.com/company/adbrain-ltd,london,adbrain ltd,england,1-10,
united kingdom,2017,9wwgPnnhsiM6pXHd7lMV4AZMIfgW,marketing and advertising,linkedin.com/company/janine-coombes-marketing,poole,janine coombes marketing,england,1-10,janinecoombes.co.uk
united kingdom,,Ic9jlc2dwHIZahE6V92UUwVIsXkC,marketing and advertising,linkedin.com/company/margate-hand-car-wash,margate,margate hand car wash,england,1-10,margatehandcarwash.com
united kingdom,2020,J9CohpwfQslbzGDUBFtNbw6YtERX,marketing and advertising,linkedin.com/company/tachyonpro,london,tachyon promotions,england,1-10,tachyonpro.com
united kingdom,2016,LLcoW52MYs6lZLZWBt2CfAzZh8O2,marketing and advertising,linkedin.com/company/circus-brand-experience,london,helter skelter live ltd,england,1-10,helterskelter.agency
united kingdom,2011,u4OtON8BNT9SctgwxgFKxwyhr465,marketing and advertising,linkedin.com/company/xpono-ltd,london,xpono ltd,england,11-50,xponodigital.com
united kingdom,2017,5UwtvTewtBO8CpLEOEXH3wJZD7Xo,marketing and advertising,linkedin.com/company/bluetonik,northampton,bluetonik marketing & events,england,1-10,bluetonik.co.uk
united kingdom,,vsJbMu1qLildbUlraItvfwnZlgDj,marketing and advertising,linkedin.com/company/on-every-street-ltd,loughborough,on every street ltd,england,1-10,
united kingdom,1993,fCP3H8x9UCCUWaB3UlYdmAF3UUjl,marketing and advertising,linkedin.com/company/airedale-industrial-limited,keighley,airedale industrial limited,england,1-10,airedaleindustrial.co.uk
united kingdom,,ypa3JBTCv9p7NPMaDy0NyAhf4atW,marketing and advertising,linkedin.com/company/newquay-free-trader,,newquay free trader,,1-10,newquay-voice.co.uk
united kingdom,,F3mEwPr2oG1Wpsc9XI1glg64cnRo,marketing and advertising,linkedin.com/company/screen-tv-limited,lytham st annes,screen tv limited,england,1-10,
united kingdom,,oARZ2xC8TjGLuznfvVfuVwHi08Sm,marketing and advertising,linkedin.com/company/pja-marketing-ltd,sheffield,pja marketing ltd,england,1-10,
united kingdom,1995,Oma1RhDUHpVStATAF0DUWAAn1i79,marketing and advertising,linkedin.com/company/aka-group-limited,london,aka group limited,england,201-500,theaka.group
united kingdom,,3eFIG5k0sZUoyXCmmtL94woJtkU0,marketing and advertising,linkedin.com/company/madebyarcadia,london,made by arcadia,england,1-10,madebyarcadia.com
united kingdom,2017,P40xNHIUa35Bw8HvbN2trQbos7kQ,marketing and advertising,linkedin.com/company/sponsor-sports,reading,sponsor sports,england,1-10,
united kingdom,,EqxttiJCFz4OtGBPfEljDATs0TLJ,marketing and advertising,linkedin.com/company/impact-signs-belfast-limited,belfast,impact signs belfast limited,northern ireland,1-10,
united kingdom,,f51M9b7ZCSVpIboZS1S9ugD91Zzk,marketing and advertising,linkedin.com/company/cos-international-limited,penarth,cos international limited,wales,11-50,
united kingdom,,STwspnSxikCYyiIfkQiAAQfUuLN8,marketing and advertising,linkedin.com/company/original-becks,london,original becks,england,1-10,
united kingdom,,pYdTN9GfQD6mhcxKsEJ4LA9mwzDB,marketing and advertising,linkedin.com/company/mali-jung-copywriting,london,mali jung copywriting,england,1-10,
united kingdom,2016,aEPdxMrgI8D9k0a3wtxBWAM5Wlc0,marketing and advertising,linkedin.com/company/oakbrook-marketing,sheffield,oakbrook marketing,england,1-10,oakbrookmarketing.co.uk
united kingdom,,ipznURQj8ja2YPB5ckHbGAZMNxyH,marketing and advertising,linkedin.com/company/websitestore,warrington,website store,england,11-50,
united kingdom,,dejxfitLHiEmCvVhRwOLiQ6xH1kK,marketing and advertising,linkedin.com/company/fireball-media-limited,chester,fireball media limited,england,1-10,
united kingdom,1999,g92KXbrFZvc05Pzsl2LS9QtIWJ2H,marketing and advertising,linkedin.com/company/commune_2,london,commune,england,1-10,commune.co.uk
united kingdom,2014,OwxRtAyK8WByIwbuUjQciwoJGdno,marketing and advertising,linkedin.com/company/restless-stories,winchester,restless stories,england,1-10,restlessstories.com
united kingdom,2019,OdBhDH86QX1nmPTxYwAbpwy77j1v,marketing and advertising,linkedin.com/company/reengage,brighton,re: engage,england,1-10,re-engageconf.com
united kingdom,,hngxXg0CdSpKggOCHDcakQS48s7n,marketing and advertising,linkedin.com/company/ezeus,london,ezeus,england,1-10,
united kingdom,2020,gYk3kxlX672ZiinD4Jc0eA6DQWu0,marketing and advertising,linkedin.com/company/ptp-agencyuk,birmingham,pull the pin agency,england,11-50,pullthepin.agency
united kingdom,,BtXWchJKE6zeWZUphG8TJAGqm0I2,marketing and advertising,linkedin.com/company/bowhill,exeter,bowhill,england,1-10,bowhill.devon.sch.uk
united kingdom,2022,l6yulvzsDZbvPjUujCdrJABJcDjA,marketing and advertising,linkedin.com/company/growthandbrains,liverpool,growth & brains,england,1-10,growthandbrains.com
united kingdom,2019,sikU4vAwp0UcgqbCPv6SmgT7biXn,marketing and advertising,linkedin.com/company/paragonsalessolutions,leicester,paragon sales solutions,england,1-10,paragonsalessolutions.co.uk
united kingdom,2020,bSu4S6yAR9vsrYP7CBKtWgNyMG3q,marketing and advertising,linkedin.com/company/seen-agency,london,seen agency,england,1-10,seenagency.co.uk
united kingdom,,EzhdDaIuL69HSomOwHYdqgOPHtPo,marketing and advertising,linkedin.com/company/gwmplatform,london,gwm platform,england,11-50,gwmplatform.com
united kingdom,2004,wBCtqnXCvrQdFZQgOgbRCgticFEy,marketing and advertising,linkedin.com/company/chameleon-music-marketing-ltd,newark on trent,chameleon music marketing ltd,england,1-10,chameleonmusicmarketing.co.uk
united kingdom,,2eXUkE8i29xjvAbdq2wbuQIxczhC,marketing and advertising,linkedin.com/company/informative-technologies-limited,london,informative technologies limited,england,1-10,
united kingdom,,qa33s7whUkAC787lhtf5Nwpbanaf,marketing and advertising,linkedin.com/company/blackbird-marketing-limited,altrincham,blackbird marketing limited,england,1-10,
united kingdom,2021,5Plmcg4bvoiCfCRVGKgQJg7JDVQP,marketing and advertising,linkedin.com/company/lois-evans-digital-marketing,pen-y-bont ar ogwr,lois evans digital marketing,wales,1-10,loisevansdigitalmarketing.com
united kingdom,,COtsgPwJ3WTZHyW89zSXewSPaoae,marketing and advertising,linkedin.com/company/interiors-and-build,belfast,interiors and build,northern ireland,1-10,interiorsandbuild.com
united kingdom,2024,rBMWbH6RGw3gzFS1lmSA3gIheGUO,marketing and advertising,linkedin.com/company/bulletinbox,london,bulletinbox,england,1-10,bulletinbox.co
united kingdom,,S03hzflZYvfZsN31EH4S8gkengrw,marketing and advertising,linkedin.com/company/captive-media-limited,chelmsford,captive media limited,england,1-10,
united kingdom,1998,G93CL0fIjUnYLpSKXBNU2QH7Qrxc,marketing and advertising,linkedin.com/company/aztec-marketing-solutions,hemel hempstead,aztec marketing solutions,england,11-50,aztecmarketing.co.uk
united kingdom,2016,xJlJt6WSlaRoMDzDhXw1xgLdwe6d,marketing and advertising,linkedin.com/company/marketing-flare,wirral,marketing flare,england,1-10,marketingflare.co.uk
united kingdom,,4VgZ7zCKDNIPXhGAjpNk7wQnM5uh,marketing and advertising,linkedin.com/company/f-&-w-distribution-ltd,wallington,f & w distribution ltd,england,1-10,
united kingdom,2018,3SacGEixM2kwZh8rsa4QLwtqodaf,marketing and advertising,linkedin.com/company/tgmc,london,the good marketing co,england,1-10,tgmc.co
united kingdom,2023,aCXUgjeyCEIAw9eC7oW4QwkhEqgC,marketing and advertising,linkedin.com/company/miracle-magnet,chiswick,miracle magnet studios,england,1-10,miraclemagnetstudios.com
united kingdom,2009,B6QGPEvnQLAy7hHOmbeEfwS1uTXX,marketing and advertising,linkedin.com/company/topsafe,london,topsafe london,england,1-10,topsafe.london
united kingdom,,AxAgICKCmhsUhL0DWJFOMQ6aO7BJ,marketing and advertising,linkedin.com/company/oh-social-13,guildford,oh social,england,1-10,
united kingdom,,xRiJmWCGeLDqOPLf4zMs2gwtXAaO,marketing and advertising,linkedin.com/company/taxi-solutions,london,taxi solutions,england,11-50,taxisolutions.co.uk
united kingdom,,ZMtvQLSGDLh0AwkKJANPJAmmmNWh,marketing and advertising,linkedin.com/company/euro-rscg-skybridge,,euro rscg skybridge,,51-200,
united kingdom,2012,PPsCIZVTbBhBr9LE3Va60AUdsjLO,marketing and advertising,linkedin.com/company/sjak-seo-london,london,sjak ltd - search engine optimisation london,england,1-10,sjak.co.uk
united kingdom,2013,MakjAmGTXvmiy73NG7ifRwntuDBA,marketing and advertising,linkedin.com/company/soap-creative-ltd,manchester,soap creative ltd,england,1-10,
united kingdom,2022,E8g1iEGOJP6hCaUkPqda3gITbkWI,marketing and advertising,linkedin.com/company/build-up-sales-systems,woking,build up sales systems,england,1-10,buss.group
united kingdom,2010,JQMtZpGB5Lx1RsKDgwmaeAOyc3yB,marketing and advertising,linkedin.com/company/my-planet-guides,london,myplanetguides,england,11-50,myplanetguides.com
united kingdom,2019,EwoNN926VRsAx5VmcWkMsQCgAGPP,marketing and advertising,linkedin.com/company/social-media-inspect,london,social media inspect,england,1-10,mediainspect.com
united kingdom,2020,WudFAYb3d4xJWlVZSYZJCQjYekoK,marketing and advertising,linkedin.com/company/the-nook-marketing,london,glass communications,england,1-10,glasscommunications.co.uk
united kingdom,,dXBXjFKScqIvPjJiQRea1gyyXRLZ,marketing and advertising,linkedin.com/company/rees-services-limited,taff’s well,rees services limited,wales,1-10,reesservices.co.uk
united kingdom,,Ic0FEIaFgarcaFEhhN8mZQoZher8,marketing and advertising,linkedin.com/company/igaming-hub,liverpool,igaming hub,england,1-10,igamingseo.co.uk
united kingdom,2018,C3jBUedcE3zubJfmnjpmdgyN8QEY,marketing and advertising,linkedin.com/company/percassity-associates,london,percassity associates,england,1-10,
united kingdom,,gL12AAl6urBQiM6sJpCP2gACEQB8,marketing and advertising,linkedin.com/company/limitless-marketing-jg,bristol,limitless marketing,england,1-10,
united kingdom,,d8NjXtPtXrwZfBr7d7GUJgVqlZ5N,marketing and advertising,linkedin.com/company/get-webwize,march,get webwize,england,1-10,getwebwize.co.uk
united kingdom,2010,LufXupLKhTPlNZ2m12VXpg3tAaA8,marketing and advertising,linkedin.com/company/ice-digital-marketing-ltd,leeds,ice digital marketing ltd,england,1-10,ice-digital.co.uk
united kingdom,2008,UnA2vAPe1j6YOIXLqfwkIQoLtgvC,marketing and advertising,linkedin.com/company/ots-it-services,leeds,ots web services,england,1-10,ots-its.com
united kingdom,,jnQ0IbZhjsRE4r7VQsIOrAGn9EBI,marketing and advertising,linkedin.com/company/360-seven,brentwood,360 seven,england,1-10,360seven.com
united kingdom,2022,H7GOG983MVpY3VAKczYq6AosSw5l,marketing and advertising,linkedin.com/company/laam-editorial,london,laam.editorial,england,1-10,laameditorial.com
united kingdom,2001,0ACFCehRCyvjagTBdQCPxge0C3F1,marketing and advertising,linkedin.com/company/vertical-leap,portsmouth,vertical leap,england,51-200,vertical-leap.uk
united kingdom,1997,hTxfQAPIGCmPQzRrgwHNMwjVZkOr,marketing and advertising,linkedin.com/company/dga-marketing,lutterworth,dga marketing,england,1-10,
united kingdom,,7COoX9rP3lUnNRs3KCSMyACu91zh,marketing and advertising,linkedin.com/company/qb-style-ltd,birmingham,qb style ltd,england,1-10,
united kingdom,2024,eavXSgXU4wKFvBBHu92N0AqenK6F,marketing and advertising,linkedin.com/company/bfunnely,london,bfunnely.com,england,1-10,bfunnely.com
united kingdom,,CRlj6oghMu3lXBgH1YATTAmm3sRP,marketing and advertising,linkedin.com/company/hania-consulting,london,hania consulting,england,1-10,
united kingdom,2018,CnqcPYCLMCljoG9GrMCAKgM5yqIx,marketing and advertising,linkedin.com/company/peoplebranduk,bristol,peoplebrand ltd,england,1-10,peoplebrand.co.uk
united kingdom,2005,BfscwPGndobV08cH9TKpsgf3glrO,marketing and advertising,linkedin.com/company/5-star-wedding-directory,stevenage,5 star wedding directory,england,1-10,5starweddingdirectory.com
united kingdom,2015,kaQBGH7f9QeXE5Ts6d4bwQEKNTjx,marketing and advertising,linkedin.com/company/printing-eye,london,printing eye ltd,england,1-10,
united kingdom,2009,IPi1N1VluhWhuItMMPsKegnOEiza,marketing and advertising,linkedin.com/company/xcellent-events-&-marketing,stockton-on-tees,xcellent engagement ltd,england,1-10,xcellenteventsturkey.co.uk
united kingdom,,H7cxdwMFj6CU8WgIW9ckNQqSsdS4,marketing and advertising,linkedin.com/company/248-promotions,london,24/8 promotions,england,11-50,248promotions.com
united kingdom,2022,Phqk366JgnaFE4zlITxAjQvG9j6D,marketing and advertising,linkedin.com/company/rebelwebsites,bournemouth,rebel websites,england,1-10,rebelwebsites.com
united kingdom,,akrfohbsY5g3oyWagMYTCwBaDKGX,marketing and advertising,linkedin.com/company/evolution-media-uk,manchester,evolution media uk,england,1-10,evolutionmediauk.co.uk
united kingdom,,027DsYStvaNnH8m2S3QCrwZvnei2,marketing and advertising,linkedin.com/company/jw-media-services-limited,cawston,jw media services limited,england,1-10,jwmedia.co.uk
united kingdom,2003,KKbaHJNcDMW3D2QbWd9jpQZ8B6c4,marketing and advertising,linkedin.com/company/praemedica,ballynahinch,praemedica,northern ireland,1-10,praemedica.com
united kingdom,2019,v0JgELGoAaC8KvBPCrN3ugNubxYb,marketing and advertising,linkedin.com/company/socibelle,london,socibelle,england,1-10,socibelle.com
united kingdom,2023,iYVyhChkz1UzsK38pofxAAwZ8jrf,marketing and advertising,linkedin.com/company/msm-marketing-agency,wolverhampton,msm marketing,england,1-10,
united kingdom,2018,HYHgXRYmO4UQV1kHQq8PBAwtksEU,marketing and advertising,linkedin.com/company/prompt-marketing,london,prompt marketing,england,1-10,promptmarketing.co.uk
united kingdom,2010,FuiNmTgT9kuIRdQcrRqLdAFPvb6F,marketing and advertising,linkedin.com/company/kinetic-creative-ltd,penryn,kinetic creative ltd,england,1-10,kineticwecreate.co.uk
united kingdom,2016,yPD9qR7453KRXlREHNzB7gH10rKX,marketing and advertising,linkedin.com/company/thechichestersocial,chichester,the chichester social,england,1-10,thechichestersocial.com
united kingdom,2015,cYKJj41r7cCs1INo6nU4MA04IfJ5,marketing and advertising,linkedin.com/company/foresight-communications-and-research-consultancy,london,foresight communications consultancy,england,1-10,foresight.qa
united kingdom,2004,5JecndNphYcyxsxw3AUVnQE41Wdd,marketing and advertising,linkedin.com/company/webpresence,macclesfield,web presence ltd,england,1-10,webpresence.digital
united kingdom,2024,y62H4Z7F4PmrpNsmWOVCsgtqV7um,marketing and advertising,linkedin.com/company/vsn-studio,london,vsn: studio,england,1-10,
united kingdom,2016,rN1fwXRbFLNCpRC1fjM4JQMA2Qmz,marketing and advertising,linkedin.com/company/sky-consulting-london,east ham,sky consulting,england,1-10,skyconsulting.co.uk
united kingdom,,0EK7OmxCQLyV7dwnGPc4kgs67T6y,marketing and advertising,linkedin.com/company/firewiredesign-com,,firewiredesign.com,,1-10,firewiredesign.com
united kingdom,,HlBBgPwr4X4JDHVZZ8ShQQT8hy5W,marketing and advertising,linkedin.com/company/my-company-promotions,st. david's and the cathedral close community,my company branded,wales,1-10,
united kingdom,1980,bCEFHpb4FjrCTxMaAvh7dAdr3gXC,marketing and advertising,linkedin.com/company/the-hampstead-clinic,london,the hampstead clinic,england,1-10,hampsteadclinic.co.uk
united kingdom,,v4BrC7peSWmYfPKSEIRXJg5sJXro,marketing and advertising,linkedin.com/company/noia-limited,london,noia limited,england,1-10,
united kingdom,2020,ig8BiPRBpcCWv3LRBupMUgn7kKlR,marketing and advertising,linkedin.com/company/weareallmarketing,london,we are all marketing,england,1-10,weareallmarketing.com
united kingdom,,3at1kP4v9SXWrwnjNViYuAAIWlZb,marketing and advertising,linkedin.com/company/saria-rai-freelance-model,leicester,saria rai - freelance model,england,1-10,sariarai.com
united kingdom,2015,k14zoeMlfAOgHV3Y8CmAqw8HTu2s,marketing and advertising,linkedin.com/company/botella-media-group-bmg-,brighton,botella media group,england,1-10,botellaoriginals.com
united kingdom,,UbKLgV58WLoyPzwdfShTwwuX3sM4,marketing and advertising,linkedin.com/company/align-influence,nottingham,align influence,england,1-10,align-influence.com
united kingdom,2016,m9UF5bju8wq90lcIy2sCiQwZgs7j,marketing and advertising,linkedin.com/company/your-empyr,london,your empyr,england,1-10,yourempyr.com
